row_index,title_len,body_len,like_proxy,log1p_like,sop_tag,emotion_tag,published_at,comment_proxy,collect_proxy,share_proxy,y_rule,y_rule_alt,batch_id,feed_digest_sha256,title_emoji_count,title_punct_count,title_has_number,title_has_question,title_char_diversity,title_hashtag_count,body_paragraph_count,body_emoji_count,body_has_cta,body_char_diversity
0,19,229,65000,11.082158,对照式,共鸣,2026-03-11T08:30:15Z,1336,,,1,,,,1,1,0,0,1.0,0,4,0,0,0.528384
1,14,501,41000,10.621352,对照式,共鸣,2026-04-01T21:55:21Z,3900,,8042,1,,,,0,1,0,1,1.0,0,32,11,0,0.431138
2,17,589,23000,10.043293,对照式,共鸣,2026-01-16T09:33:06Z,366,9928,396,1,,,,2,2,0,1,1.0,0,32,5,0,0.371817
3,20,20,18000,9.798183,对照式,共鸣,2025-09-14T10:05:00Z,549,1084,2643,1,,,,0,1,0,0,0.95,0,1,0,0,0.95
4,9,356,12000,9.392745,对照式,共鸣,2025-07-04T08:28:29Z,63,741,224,1,,,,0,0,0,0,1.0,0,1,0,0,0.320225
5,13,187,9200,9.127067,对照式,共鸣,2023-07-20T15:34:20Z,605,2528,130,1,,,,0,0,0,0,1.0,0,1,0,0,0.475936
6,9,31,7282,8.893298,对照式,共鸣,2026-01-04T10:19:11Z,210,9490,4336,1,,,,0,1,0,0,1.0,0,1,0,0,0.645161
7,17,687,7030,8.858084,对照式,共鸣,2023-12-14T10:22:48Z,732,3054,354,1,,,,0,1,0,1,0.882353,0,17,0,0,0.294032
8,20,36,6690,8.808519,对照式,共鸣,2023-12-10T02:05:00Z,69,3336,131,1,,,,0,2,0,1,1.0,0,2,0,0,0.638889
9,16,27,5569,8.62515,对照式,共鸣,2025-09-18T02:17:27Z,1520,413,72,1,,,,0,4,0,0,0.875,0,1,0,0,0.444444
10,8,553,4881,8.49331,对照式,共鸣,2025-03-05T09:29:45Z,235,2789,611,1,,,,0,1,0,1,1.0,0,27,16,1,0.443038
11,9,53,4817,8.480114,对照式,共鸣,2026-03-31T09:01:14Z,40,4262,121,1,,,,0,1,0,1,1.0,0,1,0,0,0.471698
12,11,117,4814,8.479491,对照式,共鸣,2024-09-22T04:56:24Z,657,3076,44,1,,,,0,4,0,0,0.727273,0,1,0,0,0.324786
13,14,136,4715,8.458716,对照式,共鸣,2022-06-17T12:31:28Z,85,5529,445,1,,,,2,0,0,0,0.928571,0,4,3,0,0.382353
14,16,93,4445,8.39976,对照式,共鸣,2025-07-17T04:30:23Z,94,2218,351,1,,,,1,1,0,1,0.9375,0,1,0,0,0.268817
15,9,115,4361,8.380686,对照式,共鸣,2026-01-05T10:43:32Z,428,248,889,1,,,,1,0,1,0,1.0,0,1,0,0,0.304348
16,12,121,4218,8.347353,对照式,共鸣,2026-04-04T16:21:12Z,425,1341,896,1,,,,0,0,0,0,1.0,0,1,0,0,0.363636
17,15,729,4010,8.296796,对照式,共鸣,2025-01-18T11:41:43Z,183,1106,379,1,,,,1,1,0,1,1.0,0,12,0,0,0.333333
18,20,896,3425,8.139149,对照式,共鸣,2025-08-26T03:30:45Z,74,4112,1284,1,,,,0,1,0,0,0.95,0,53,23,1,0.282366
19,18,700,2461,7.808729,对照式,共鸣,2023-07-27T07:37:19Z,122,1075,123,1,,,,2,0,0,0,0.888889,0,15,20,0,0.358571
20,18,726,3049,8.022897,对照式,共鸣,2024-03-28T03:29:00Z,173,1571,125,1,,,,2,0,0,0,0.888889,0,23,21,0,0.355372
21,13,1038,2633,7.876259,对照式,共鸣,2025-08-30T04:01:52Z,106,2027,488,1,,,,1,0,0,0,1.0,0,25,3,1,0.348748
22,20,934,7952,8.981304,对照式,共鸣,2021-12-25T10:52:00Z,258,3151,223,1,,,,2,0,0,0,1.0,0,23,17,0,0.316916
23,15,143,4818,8.480322,对照式,共鸣,2024-01-12T10:23:43Z,33,3638,43,1,,,,0,2,0,1,0.933333,0,1,0,0,0.251748
24,16,303,4344,8.376781,对照式,共鸣,2023-01-08T12:02:08Z,93,2661,423,1,,,,2,0,0,0,1.0,0,12,5,0,0.438944
25,22,135,3072,8.03041,对照式,共鸣,2024-11-11T03:48:16Z,83,2058,1118,1,,,,2,0,0,0,0.909091,0,1,0,0,0.459259
26,15,421,9414,9.150059,对照式,共鸣,2023-01-14T08:52:06Z,447,4162,229,1,,,,1,0,0,0,0.933333,0,23,7,0,0.387173
27,10,97,46000,10.736418,对照式,共鸣,2025-08-30T15:54:50Z,1451,3757,6359,1,,,,0,0,1,0,0.9,0,1,3,0,0.649485
28,22,327,33000,10.404293,对照式,共鸣,2026-02-08T03:15:06Z,271,,4639,1,,,,0,2,0,1,0.909091,0,14,2,1,0.489297
29,20,497,16000,9.680406,对照式,共鸣,2024-05-12T10:22:20Z,129,,2949,1,,,,0,0,0,0,0.95,0,20,0,0,0.418511
30,10,70,11000,9.305741,对照式,共鸣,2024-08-04T08:21:01Z,140,8215,3203,1,,,,0,0,1,0,1.0,0,1,0,0,0.3
31,16,129,9781,9.188299,对照式,共鸣,2026-01-09T06:29:57Z,528,,2655,1,,,,1,0,1,0,0.9375,0,1,2,0,0.348837
32,19,90,9474,9.156412,对照式,共鸣,2025-12-08T12:58:03Z,279,9021,3117,1,,,,0,0,0,0,1.0,0,1,0,0,0.555556
33,13,166,5280,8.571871,对照式,共鸣,2024-07-17T08:24:36Z,50,4470,1713,1,,,,1,0,0,0,0.923077,0,8,8,0,0.560241
34,19,418,5121,8.5413,对照式,共鸣,2024-02-24T15:36:47Z,48,3665,750,1,,,,1,0,0,0,0.947368,0,8,8,0,0.435407
35,69,69,4818,8.480322,对照式,共鸣,2025-10-18T12:16:49Z,53,6665,1404,1,,,,0,11,0,0,0.478261,10,1,0,0,0.478261
36,12,418,4217,8.347116,对照式,共鸣,2025-12-15T09:59:01Z,72,5019,1546,1,,,,0,0,0,0,1.0,0,9,0,0,0.4689
37,7,91,3930,8.276649,对照式,共鸣,2024-12-10T12:45:27Z,56,3483,3023,1,,,,0,0,0,0,1.0,0,1,0,0,0.571429
38,11,204,3766,8.234034,对照式,共鸣,2026-03-22T08:23:04Z,1091,383,584,1,,,,1,0,0,0,1.0,0,1,0,0,0.446078
39,12,94,3692,8.214194,对照式,共鸣,2025-09-18T13:12:12Z,113,1792,902,1,,,,0,0,0,0,1.0,0,3,0,0,0.457447
40,11,133,3452,8.146999,对照式,共鸣,2026-04-14T10:01:08Z,45,1296,324,1,,,,0,0,0,0,1.0,0,1,0,0,0.421053
41,20,372,3241,8.083946,对照式,共鸣,2025-04-26T06:54:11Z,279,1933,698,1,,,,1,0,0,0,0.95,0,9,7,0,0.451613
42,24,696,2831,7.948738,对照式,共鸣,2025-07-17T01:23:17Z,139,3997,1313,1,,,,2,1,1,0,0.958333,0,22,18,1,0.397989
43,54,54,2720,7.908755,对照式,共鸣,2026-04-08T10:32:01Z,381,359,181,1,,,,0,8,1,0,0.5,8,1,0,0,0.5
44,15,168,2607,7.866339,对照式,共鸣,2025-06-10T10:28:00Z,154,1559,811,1,,,,0,1,1,0,1.0,0,3,0,0,0.380952
45,14,305,15000,9.615872,对照式,共鸣,2022-02-25T12:10:36Z,395,9607,451,1,,,,1,0,0,0,0.857143,0,6,1,1,0.534426
46,65,65,13000,9.472782,对照式,共鸣,2026-03-07T03:16:38Z,287,2460,354,1,,,,0,9,1,1,0.646154,6,1,0,0,0.646154
47,21,101,12000,9.392745,对照式,共鸣,2025-04-24T23:33:36Z,266,,4742,1,,,,0,0,0,0,0.904762,0,1,0,0,0.326733
48,15,106,9541,9.163458,对照式,共鸣,2022-02-11T09:59:04Z,144,8239,236,1,,,,1,0,0,0,1.0,0,6,2,0,0.669811
49,12,254,7051,8.861067,对照式,共鸣,2024-09-25T03:09:47Z,74,7656,1746,1,,,,1,1,0,0,1.0,0,14,1,0,0.433071
50,22,438,6929,8.843615,对照式,共鸣,2021-08-21T13:10:02Z,213,6194,544,1,,,,1,1,0,0,0.954545,0,6,1,0,0.511416
51,60,60,5316,8.578665,对照式,共鸣,2025-09-11T01:29:04Z,114,,1450,1,,,,0,8,0,0,0.616667,6,1,0,0,0.616667
52,21,816,5160,8.548886,对照式,共鸣,2025-08-03T13:01:12Z,271,5161,1133,1,,,,0,2,0,0,0.952381,0,13,0,0,0.355392
53,20,341,5102,8.537584,对照式,共鸣,2025-11-14T12:42:45Z,93,3996,1403,1,,,,1,0,0,0,1.0,0,7,3,0,0.524927
54,16,47,3949,8.281471,对照式,共鸣,2023-11-13T03:30:57Z,508,1626,133,1,,,,0,1,1,1,0.875,0,1,0,0,0.808511
55,13,58,3716,8.220672,对照式,共鸣,2023-12-13T10:20:16Z,80,4104,1615,1,,,,0,1,0,0,1.0,0,1,0,0,0.568966
56,18,214,3497,8.159947,对照式,共鸣,2024-02-21T04:36:48Z,1428,3533,187,1,,,,0,3,0,0,0.888889,0,12,0,1,0.579439
57,12,291,3327,8.110127,对照式,共鸣,2022-06-14T02:58:36Z,108,575,202,1,,,,0,1,0,0,1.0,0,7,0,0,0.429553
58,10,326,3229,8.080237,对照式,共鸣,2025-11-24T13:34:55Z,261,2451,289,1,,,,0,0,0,0,0.9,0,10,0,0,0.429448
59,21,352,3080,8.033009,对照式,共鸣,2026-01-30T10:26:46Z,77,3557,717,1,,,,1,1,0,0,0.952381,0,6,0,0,0.431818
60,20,392,2629,7.874739,对照式,共鸣,2023-05-27T11:43:13Z,72,1653,257,1,,,,1,1,0,0,1.0,0,11,5,0,0.497449
61,12,81,2452,7.805067,对照式,共鸣,2025-06-14T12:31:40Z,51,236,661,1,,,,0,3,0,0,0.833333,0,1,0,0,0.358025
62,20,476,2103,7.651596,对照式,共鸣,2025-05-10T10:02:32Z,40,1825,403,1,,,,0,0,0,0,1.0,0,20,10,0,0.491597
63,9,668,1955,7.578657,对照式,共鸣,2021-10-14T06:41:37Z,129,1887,77,1,,,,0,0,0,0,1.0,0,6,1,0,0.392216
64,19,177,50000,10.819798,对照式,共鸣,2024-09-05T03:34:47Z,396,,9932,1,,,,0,2,0,0,0.947368,0,3,2,0,0.508475
65,14,320,38000,10.545368,对照式,共鸣,2024-08-09T04:19:22Z,786,,8661,1,,,,0,1,1,0,0.928571,0,7,2,0,0.49375
66,20,489,28000,10.239996,对照式,共鸣,2025-07-02T08:07:50Z,212,,,1,,,,0,1,0,0,0.95,0,13,13,1,0.429448
67,18,282,28000,10.239996,对照式,共鸣,2025-07-27T13:13:49Z,291,,5775,1,,,,1,1,0,0,0.888889,0,8,7,0,0.5
68,11,239,25000,10.126671,对照式,共鸣,2024-07-18T09:01:12Z,124,,3620,1,,,,1,1,0,0,1.0,0,10,5,0,0.334728
69,4,18,23000,10.043293,对照式,共鸣,2026-03-31T04:29:25Z,602,1072,354,1,,,,0,0,0,0,1.0,0,1,0,0,0.611111
70,13,348,22000,9.998843,对照式,共鸣,2025-08-04T08:49:33Z,229,,5555,1,,,,1,2,0,0,0.846154,0,10,5,0,0.445402
71,17,161,15000,9.615872,对照式,共鸣,2024-08-30T09:18:06Z,287,,4583,1,,,,0,2,0,0,0.823529,0,7,3,0,0.602484
72,13,27,13000,9.472782,对照式,共鸣,2026-03-31T12:20:55Z,253,,1438,1,,,,0,2,0,0,1.0,0,1,0,0,0.888889
73,14,279,11000,9.305741,对照式,共鸣,2025-02-21T03:56:23Z,201,8271,3483,1,,,,1,0,1,0,1.0,0,12,1,0,0.487455
74,22,356,9879,9.198268,对照式,共鸣,2025-02-09T03:08:43Z,164,7413,3889,1,,,,0,0,0,0,0.909091,0,8,2,0,0.345506
75,18,546,9514,9.160625,对照式,共鸣,2025-02-05T11:56:07Z,88,,2424,1,,,,0,2,0,0,1.0,0,15,21,1,0.42674
76,16,16,9125,9.118883,对照式,共鸣,2025-07-12T10:30:58Z,5357,1617,4879,1,,,,0,0,0,0,1.0,0,1,0,0,1.0
77,18,180,9100,9.11614,对照式,共鸣,2026-04-12T12:25:39Z,85,5779,2097,1,,,,0,1,0,0,1.0,0,1,0,0,0.461111
78,16,492,8694,9.070503,对照式,共鸣,2026-03-02T08:51:37Z,175,7877,965,1,,,,0,4,0,0,0.875,0,9,4,0,0.414634
79,9,564,8235,9.01627,对照式,共鸣,2025-04-12T08:08:57Z,69,5671,1978,1,,,,0,3,0,0,0.777778,0,9,2,0,0.390071
80,18,478,6038,8.705994,对照式,共鸣,2023-05-30T05:18:34Z,68,6802,1073,1,,,,0,3,0,0,0.944444,0,14,17,0,0.41841
81,20,92,4323,8.371936,对照式,共鸣,2026-04-11T13:09:07Z,224,5390,1018,1,,,,0,0,0,0,0.9,0,1,0,0,0.554348
82,19,619,3847,8.255309,对照式,共鸣,2025-12-17T03:20:14Z,86,2722,564,1,,,,2,2,0,0,0.947368,0,7,7,0,0.466882
83,17,129,3790,8.240385,对照式,共鸣,2026-01-30T10:30:58Z,73,628,1007,1,,,,0,3,0,0,0.764706,0,1,0,0,0.410853
84,22,763,100000,11.512935,对照式,共鸣,2022-03-06T04:22:00Z,3385,,,1,,,,1,1,0,0,0.954545,0,17,2,0,0.393185
85,20,289,100000,11.512935,对照式,共鸣,2025-08-01T08:30:20Z,2512,,,1,,,,1,1,0,0,1.0,0,8,0,0,0.432526
86,20,137,73000,11.198228,对照式,共鸣,2024-04-20T09:30:32Z,545,,,1,,,,0,1,0,0,1.0,0,1,0,0,0.248175
87,21,313,69000,11.141876,对照式,共鸣,2023-09-26T02:17:43Z,1162,,,1,,,,1,4,0,0,0.904762,0,9,7,0,0.492013
88,19,311,60000,11.002117,对照式,共鸣,2025-07-31T10:30:22Z,1644,,6133,1,,,,0,3,0,0,0.947368,0,4,0,1,0.504823
89,20,310,47000,10.757924,对照式,共鸣,2023-09-20T05:46:53Z,810,,,1,,,,1,3,1,0,0.9,0,10,1,0,0.477419
90,20,291,44000,10.691968,对照式,共鸣,2024-06-23T11:02:43Z,670,,,1,,,,1,0,0,0,1.0,0,9,3,0,0.43299
91,20,120,34000,10.434145,对照式,共鸣,2025-05-29T12:06:40Z,575,,,1,,,,1,0,0,0,0.95,0,1,0,0,0.366667
92,43,43,27000,10.203629,对照式,共鸣,2025-05-01T08:12:17Z,779,,,1,,,,5,0,0,0,0.860465,0,4,5,0,0.860465
93,14,248,25000,10.126671,对照式,共鸣,2024-01-23T03:37:23Z,665,,5953,1,,,,0,1,0,0,1.0,0,2,0,0,0.399194
94,18,507,25000,10.126671,对照式,共鸣,2022-12-23T08:56:26Z,158,,1234,1,,,,0,4,0,0,0.833333,0,11,7,0,0.441815
95,20,765,22000,9.998843,对照式,共鸣,2022-05-17T04:40:44Z,221,,4971,1,,,,1,0,0,0,0.95,0,26,20,1,0.427451
96,20,563,22000,9.998843,对照式,共鸣,2023-05-26T10:02:36Z,554,,2293,1,,,,0,4,0,0,0.65,0,7,1,0,0.332149
97,8,75,21000,9.952325,对照式,共鸣,2026-03-14T02:14:16Z,1158,4456,4771,1,,,,0,0,0,0,1.0,0,1,0,0,0.72
98,16,67,20000,9.903538,对照式,共鸣,2024-03-25T14:57:28Z,213,,7819,1,,,,1,0,0,0,1.0,0,1,0,0,0.447761
99,24,138,19000,9.852247,对照式,共鸣,2026-03-18T09:56:11Z,799,4604,5125,1,,,,1,0,0,0,1.0,0,1,0,0,0.405797
100,19,123,18000,9.798183,对照式,共鸣,2024-01-29T09:30:42Z,418,5845,2538,1,,,,1,0,0,0,0.947368,0,11,1,0,0.487805
101,18,125,18000,9.798183,对照式,共鸣,2024-11-04T09:25:28Z,273,9382,4965,1,,,,1,0,0,0,1.0,0,1,0,0,0.392
102,20,642,6477,8.776167,对照式,共鸣,2025-07-21T20:26:30Z,122,4677,1676,1,,,,1,1,0,1,1.0,0,20,0,0,0.32866
103,9,36,5109,8.538955,对照式,共鸣,2024-03-12T09:20:11Z,200,7220,1014,1,,,,0,1,0,1,1.0,0,1,0,0,0.5
104,21,43,100000,11.512935,对照式,共鸣,2025-11-29T11:13:28Z,3650,,5696,1,,,,0,2,1,1,1.0,0,1,0,0,0.488372
105,3,8,100000,11.512935,对照式,共鸣,2026-03-08T09:18:21Z,1238,4384,7069,1,,,,0,0,0,0,1.0,0,1,0,0,0.875
106,20,467,80000,11.289794,对照式,共鸣,2022-08-18T13:01:27Z,1609,,,1,,,,1,3,1,0,0.9,0,17,12,0,0.443255
107,23,45,50000,10.819798,对照式,共鸣,2026-03-26T09:30:05Z,1089,3645,2490,1,,,,0,0,1,0,0.695652,0,1,0,0,0.533333
108,72,72,27000,10.203629,对照式,共鸣,2024-10-31T01:08:10Z,150,,7996,1,,,,0,5,1,0,0.763889,1,1,0,0,0.763889
109,18,122,20000,9.903538,对照式,共鸣,2025-12-12T10:08:44Z,672,,4911,1,,,,1,0,1,0,0.944444,0,1,0,0,0.368852
110,56,56,19000,9.852247,对照式,共鸣,2025-12-25T11:13:01Z,426,2165,712,1,,,,0,8,1,0,0.517857,8,1,0,0,0.517857
111,19,462,11000,9.305741,对照式,共鸣,2024-07-08T07:10:40Z,111,4379,2596,1,,,,0,3,0,0,0.842105,0,12,11,0,0.508658
112,20,306,7112,8.869679,对照式,共鸣,2024-01-30T09:52:06Z,102,8612,2878,1,,,,2,0,0,0,1.0,0,8,4,0,0.418301
113,21,168,6297,8.747987,对照式,共鸣,2024-11-25T09:07:58Z,157,4363,5762,1,,,,0,5,0,0,0.714286,0,4,1,0,0.375
114,16,17,5647,8.639057,对照式,共鸣,2024-12-07T12:36:17Z,257,675,638,1,,,,0,0,0,0,0.9375,0,1,0,0,0.588235
115,18,133,5513,8.615046,对照式,共鸣,2025-08-29T09:58:55Z,57,3585,1731,1,,,,2,1,0,0,1.0,0,1,1,0,0.360902
116,9,21,5502,8.613049,对照式,共鸣,2026-04-10T13:14:13Z,172,266,433,1,,,,0,0,0,0,0.888889,0,1,0,0,0.666667
117,21,163,5386,8.591744,对照式,共鸣,2024-08-05T15:51:21Z,114,4993,3007,1,,,,1,4,1,0,0.857143,0,3,3,0,0.411043
118,23,361,5262,8.568456,对照式,共鸣,2024-06-29T07:51:09Z,525,652,890,1,,,,0,1,1,0,0.695652,0,1,0,0,0.263158
119,22,114,5003,8.517993,对照式,共鸣,2024-11-24T15:29:01Z,130,2692,5195,1,,,,1,1,0,0,0.909091,0,3,1,0,0.552632
120,22,188,4574,8.428362,对照式,共鸣,2025-04-19T09:19:55Z,236,2941,2339,1,,,,2,5,1,0,0.863636,0,5,6,0,0.430851
121,13,412,4297,8.365905,对照式,共鸣,2025-09-18T07:46:23Z,205,2653,2000,1,,,,0,5,0,0,0.615385,0,14,4,0,0.325243
122,22,238,3934,8.277666,对照式,共鸣,2024-01-03T00:58:11Z,21,3440,698,1,,,,4,0,0,0,0.909091,0,7,5,0,0.386555
123,19,92,3835,8.252185,对照式,共鸣,2024-03-01T09:58:19Z,241,2909,2450,1,,,,0,6,0,0,0.894737,0,4,0,0,0.554348
124,13,318,3171,8.062118,对照式,共鸣,2025-10-15T11:26:27Z,71,1764,1923,1,,,,1,0,0,0,1.0,0,9,4,0,0.506289
125,8,665,2557,7.846981,对照式,共鸣,2025-10-13T10:09:16Z,43,1397,1972,1,,,,1,0,0,0,1.0,0,17,14,0,0.357895
126,18,98,2521,7.832808,对照式,共鸣,2023-12-07T02:35:40Z,146,2046,1033,1,,,,0,5,0,0,0.666667,0,3,0,0,0.489796
127,22,125,2521,7.832808,对照式,共鸣,2026-04-14T09:33:14Z,45,451,185,1,,,,0,3,0,0,0.909091,0,1,0,0,0.384
128,16,118,2392,7.780303,对照式,共鸣,2023-01-14T15:20:00Z,38,708,175,1,,,,2,0,1,0,1.0,0,4,1,0,0.508475
129,21,171,2328,7.753194,对照式,共鸣,2025-05-27T03:15:45Z,164,948,4918,1,,,,1,2,0,0,0.809524,0,6,0,0,0.421053
130,8,25,2286,7.734996,对照式,共鸣,2024-06-10T02:10:26Z,10,872,252,1,,,,0,0,0,0,1.0,0,2,0,0,0.96
131,19,50,10000,9.21044,对照式,共鸣,2024-01-22T07:37:22Z,102,1566,527,1,,,,0,1,0,1,1.0,0,1,0,0,0.66
132,17,14,9868,9.197154,对照式,共鸣,2023-12-06T09:07:46Z,21,4442,25,1,,,,1,0,1,0,0.941176,0,1,0,0,0.857143
133,138,138,9101,9.116249,对照式,共鸣,2025-05-07T03:00:51Z,331,2304,1426,1,,,,2,19,1,1,0.427536,16,2,2,0,0.427536
134,12,51,3463,8.150179,对照式,共鸣,2026-03-19T09:41:32Z,240,497,149,1,,,,0,1,0,0,0.916667,0,1,0,0,0.588235
135,20,117,2875,7.964156,对照式,共鸣,2025-04-27T04:03:40Z,89,846,674,1,,,,0,1,0,0,1.0,0,2,0,0,0.34188
136,14,85,2629,7.874739,对照式,共鸣,2024-03-21T11:52:44Z,77,579,347,1,,,,0,2,0,0,0.928571,0,2,0,0,0.352941
137,14,108,2473,7.813592,对照式,共鸣,2026-04-14T11:53:36Z,144,1471,428,1,,,,0,0,0,0,0.928571,0,1,0,0,0.509259
138,17,348,2397,7.78239,对照式,共鸣,2026-02-27T03:51:06Z,108,1329,1306,1,,,,0,4,1,0,0.882353,0,13,4,0,0.442529
139,17,206,1876,7.53743,对照式,共鸣,2025-10-11T17:31:18Z,14,47,146,1,,,,0,1,0,0,1.0,0,2,0,0,0.679612
140,19,57,1702,7.440147,对照式,共鸣,2025-10-11T04:05:18Z,34,680,126,1,,,,0,1,1,0,1.0,0,1,0,0,0.54386
141,20,77,1080,6.985642,对照式,共鸣,2025-07-26T10:04:17Z,130,219,173,1,,,,0,1,0,0,1.0,0,1,0,0,0.350649
142,12,169,1063,6.969791,对照式,共鸣,2025-03-16T08:52:10Z,656,104,645,1,,,,1,0,0,0,1.0,0,6,1,0,0.449704
143,18,715,939,6.84588,对照式,共鸣,2026-03-07T09:36:24Z,161,629,244,0,,,,2,1,0,0,0.888889,0,50,7,0,0.267133
144,23,544,905,6.809039,对照式,共鸣,2024-12-19T14:32:17Z,108,1588,1320,0,,,,1,0,1,0,0.956522,0,9,4,0,0.463235
145,20,120,903,6.806829,对照式,共鸣,2025-12-08T08:18:48Z,145,113,232,0,,,,0,2,0,1,1.0,0,5,0,0,0.35
146,150,150,850,6.746412,对照式,共鸣,2025-05-06T11:01:41Z,54,218,247,0,,,,2,19,1,0,0.453333,18,5,2,0,0.453333
147,20,919,788,6.670766,对照式,共鸣,2025-01-02T13:58:20Z,87,465,1315,0,,,,0,0,0,0,0.9,0,17,7,1,0.346028
148,18,129,660,6.493754,对照式,共鸣,2025-10-28T12:02:22Z,43,98,177,0,,,,1,1,0,1,0.833333,0,1,0,0,0.410853
149,18,180,595,6.390241,对照式,共鸣,2026-04-14T12:32:33Z,51,761,677,0,,,,0,0,0,0,1.0,0,7,2,0,0.538889
150,110,110,593,6.386879,对照式,共鸣,2025-05-30T07:17:10Z,44,95,29,0,,,,0,17,0,1,0.409091,16,1,0,1,0.409091
151,19,71,99000,11.502885,对照式,共鸣,2025-03-24T03:54:53Z,1074,,,1,,,,0,2,0,0,0.947368,0,1,0,0,0.352113
152,21,275,68000,11.127278,对照式,共鸣,2026-02-06T10:24:33Z,344,,1829,1,,,,1,1,0,0,0.904762,0,3,2,0,0.403636
153,14,79,67000,11.112463,对照式,共鸣,2021-08-06T08:04:23Z,495,,8587,1,,,,1,0,0,0,0.785714,0,1,0,0,0.632911
154,18,157,51000,10.839601,对照式,共鸣,2023-09-25T08:21:37Z,800,,6142,1,,,,0,0,0,0,0.944444,0,3,5,0,0.547771
155,13,8,39000,10.571343,对照式,共鸣,2022-05-06T08:24:40Z,206,,2521,1,,,,0,0,0,0,1.0,0,1,0,0,0.875
156,18,474,28000,10.239996,对照式,共鸣,2022-11-19T14:51:45Z,547,,7988,1,,,,0,0,0,0,1.0,0,12,0,0,0.445148
157,17,375,18000,9.798183,对照式,共鸣,2023-10-19T09:09:57Z,185,,4286,1,,,,0,2,0,0,0.941176,0,13,3,0,0.464
158,22,206,17000,9.741027,对照式,共鸣,2024-09-13T03:12:51Z,411,,3833,1,,,,0,2,0,1,1.0,0,2,0,0,0.558252
159,17,450,16000,9.680406,对照式,共鸣,2022-03-13T07:15:43Z,259,,2824,1,,,,1,1,0,0,0.882353,0,8,8,0,0.411111
160,20,155,15000,9.615872,对照式,共鸣,2023-11-11T11:41:57Z,492,,5852,1,,,,0,2,0,1,1.0,0,1,0,0,0.580645
161,9,99,2169,7.682482,对照式,共鸣,2024-04-25T03:58:13Z,519,504,1480,1,,,,0,1,0,0,1.0,0,1,0,0,0.616162
162,7,52,240,5.484797,对照式,共鸣,2026-02-16T19:22:15Z,320,30,57,0,,,,0,0,0,0,1.0,0,1,0,0,0.5
163,15,39,197,5.288267,对照式,共鸣,2024-05-30T12:01:45Z,2,81,98,0,,,,0,0,1,0,1.0,0,1,0,0,0.461538
164,6,6,106,4.672829,对照式,共鸣,2025-06-12T12:36:28Z,156,15,15,0,,,,0,0,0,0,1.0,0,1,0,0,1.0
165,13,1061,100,4.615121,对照式,共鸣,2025-09-25T03:01:47Z,,100,26,0,,,,0,0,0,0,1.0,0,27,26,0,0.326107
166,10,29,83,4.430817,对照式,共鸣,2025-04-04T23:57:00Z,23,34,37,0,,,,0,0,0,0,1.0,0,3,0,0,0.586207
167,15,87,77,4.356709,对照式,共鸣,2026-01-27T10:31:53Z,94,27,133,0,,,,0,1,0,1,1.0,0,3,0,0,0.528736
168,64,64,36,3.610918,对照式,共鸣,2025-10-08T09:26:49Z,22,12,31,0,,,,0,8,0,0,0.59375,8,1,0,0,0.59375
169,16,181,30,3.433987,对照式,共鸣,2024-10-23T07:09:53Z,25,8,6,0,,,,0,0,1,0,0.9375,0,1,1,1,0.497238
170,10,51,23,3.178054,对照式,共鸣,2026-04-15T05:48:26Z,,,,0,,,,0,0,0,0,1.0,0,1,0,0,0.470588
171,15,85,18,2.944439,对照式,共鸣,2026-03-21T01:55:32Z,5,3,3,0,,,,0,4,0,0,0.8,0,1,0,0,0.494118
172,12,33,12,2.564949,对照式,共鸣,2025-01-19T07:13:30Z,,1,59,0,,,,0,0,0,0,1.0,0,1,0,0,0.515152
173,12,121,13,2.639057,对照式,共鸣,2026-03-06T05:18:37Z,1,3,4,0,,,,1,1,0,1,0.916667,0,1,0,0,0.322314
174,205,205,7,2.079442,对照式,共鸣,2024-10-16T15:00:43Z,14,3,,0,,,,0,24,1,0,0.507317,6,1,0,0,0.507317
175,10,244,6,1.94591,对照式,共鸣,2026-03-16T06:54:12Z,11,2,2,0,,,,0,1,0,1,1.0,0,2,0,0,0.532787
176,11,130,5,1.791759,对照式,共鸣,2026-04-15T09:00:16Z,10,2,3,0,,,,0,0,0,0,1.0,0,1,0,0,0.315385
177,20,262,2,1.098612,对照式,共鸣,2026-04-16T04:08:02Z,,,,0,,,,1,5,0,0,0.85,0,11,0,0,0.458015
178,14,543,2,1.098612,对照式,共鸣,2026-04-16T04:15:11Z,1,,,0,,,,1,1,1,0,1.0,0,30,8,1,0.388582
179,18,311,2,1.098612,对照式,共鸣,2026-04-15T12:01:02Z,,,,0,,,,0,0,0,0,0.833333,0,13,13,0,0.495177
180,8,34,1,0.693147,对照式,共鸣,2026-04-16T04:42:16Z,,,,0,,,,0,0,0,0,1.0,0,2,0,0,0.911765
181,21,145,28000,10.239996,对照式,共鸣,2024-01-08T12:28:46Z,853,,5238,1,,,,1,0,1,0,0.952381,0,12,4,0,0.531034
182,20,41,20000,9.903538,对照式,共鸣,2026-03-28T11:52:00Z,864,1015,220,1,,,,1,1,1,0,0.95,0,1,0,0,0.487805
183,20,115,13000,9.472782,对照式,共鸣,2023-07-08T03:00:47Z,31,5589,5,1,,,,2,1,0,0,1.0,0,1,0,0,0.382609
184,16,267,5986,8.697346,对照式,共鸣,2023-03-17T09:20:38Z,98,3765,542,1,,,,0,0,0,0,0.9375,0,10,0,0,0.475655
185,19,644,4757,8.467583,对照式,共鸣,2023-01-06T11:03:32Z,49,2957,292,1,,,,1,0,1,0,1.0,0,5,0,0,0.375776
186,19,674,4437,8.397959,对照式,共鸣,2024-04-10T09:02:03Z,433,2182,309,1,,,,1,1,0,0,0.842105,0,21,5,0,0.39911
187,5,80,3496,8.159661,对照式,共鸣,2019-08-11T14:26:02Z,34,2280,237,1,,,,1,0,0,0,1.0,0,3,2,0,0.7375
188,21,282,3196,8.069968,对照式,共鸣,2023-08-15T12:31:01Z,21,2391,439,1,,,,2,0,0,0,1.0,0,8,0,0,0.443262
189,13,77,2504,7.826044,对照式,共鸣,2025-10-21T10:02:46Z,55,224,105,1,,,,0,0,0,0,0.923077,0,1,0,0,0.402597
190,16,151,2209,7.700748,对照式,共鸣,2025-10-23T09:00:19Z,38,645,530,1,,,,1,0,0,0,1.0,0,5,4,0,0.390728
191,11,73,2119,7.659171,对照式,共鸣,2025-06-29T10:34:44Z,62,876,329,1,,,,1,0,0,0,1.0,0,10,0,0,0.808219
192,18,219,1493,7.309212,对照式,共鸣,2024-04-10T11:18:14Z,45,730,286,1,,,,1,0,0,0,0.944444,0,10,7,0,0.534247
193,16,119,1567,7.357556,对照式,共鸣,2023-01-29T10:08:15Z,17,362,49,1,,,,0,0,0,0,1.0,0,5,6,0,0.588235
194,20,704,1359,7.21524,对照式,共鸣,2023-03-23T08:26:11Z,63,983,127,1,,,,2,0,0,0,1.0,0,13,3,0,0.396307
195,14,145,1196,7.087574,对照式,共鸣,2024-12-31T10:00:40Z,43,876,278,1,,,,2,0,0,0,1.0,0,5,6,0,0.351724
196,15,178,1168,7.063904,对照式,共鸣,2024-05-30T06:34:46Z,9,767,432,1,,,,5,0,0,0,0.866667,0,8,3,0,0.544944
197,20,656,1167,7.063048,对照式,共鸣,2025-05-13T09:43:26Z,35,1119,386,1,,,,0,0,0,0,1.0,0,19,9,0,0.419207
198,19,215,1157,7.05445,对照式,共鸣,2025-12-06T14:08:15Z,32,721,291,1,,,,2,0,0,0,0.947368,0,11,10,0,0.609302
199,16,100,5806,8.666819,对照式,共鸣,2024-01-20T06:05:43Z,24,4325,795,1,,,,0,4,0,0,0.6875,0,2,1,0,0.39
200,18,161,5811,8.66768,对照式,共鸣,2023-07-29T10:21:42Z,106,1469,52,1,,,,0,3,0,0,0.5,0,6,0,0,0.310559
201,20,108,3286,8.097731,对照式,共鸣,2024-08-19T14:32:13Z,84,1133,83,1,,,,2,0,0,0,0.65,0,5,2,0,0.324074
202,4,125,3152,8.05611,对照式,共鸣,2024-10-15T09:01:17Z,62,1285,136,1,,,,2,0,0,0,1.0,0,3,0,0,0.4
203,12,10,1789,7.489971,对照式,共鸣,2026-02-10T06:16:22Z,67,93,356,1,,,,0,3,0,0,0.833333,0,1,0,0,0.9
204,13,136,1595,7.375256,对照式,共鸣,2026-04-13T11:27:50Z,73,2292,512,1,,,,0,3,0,1,1.0,0,1,0,0,0.367647
205,3,82,1337,7.198931,对照式,共鸣,2025-04-03T09:53:53Z,52,257,77,1,,,,0,0,0,0,1.0,0,1,0,0,0.426829
206,15,103,887,6.788972,对照式,共鸣,2026-02-23T07:35:16Z,166,185,112,0,,,,0,2,0,0,1.0,0,2,0,0,0.640777
207,13,105,610,6.415097,对照式,共鸣,2026-03-30T09:44:29Z,47,598,808,0,,,,0,1,0,0,0.923077,0,1,0,0,0.295238
208,13,62,448,6.107023,对照式,共鸣,2025-02-07T09:11:29Z,54,156,294,0,,,,0,2,0,0,0.923077,0,1,0,0,0.387097
209,100,100,438,6.084499,对照式,共鸣,2026-04-13T05:31:25Z,6,371,306,0,,,,0,12,0,0,0.43,12,1,0,0,0.43
210,11,50,394,5.978886,对照式,共鸣,2024-06-24T10:59:20Z,19,44,64,0,,,,0,0,0,0,0.454545,0,2,0,0,0.5
211,8,131,333,5.811141,对照式,共鸣,2026-04-11T16:12:09Z,25,83,622,0,,,,0,1,0,0,0.875,0,1,0,0,0.328244
212,143,143,152,5.030438,对照式,共鸣,2024-02-02T06:44:37Z,,25,3,0,,,,0,24,0,0,0.34965,24,1,0,0,0.34965
213,3,159,132,4.890349,对照式,共鸣,2025-04-02T03:09:01Z,2,33,,0,,,,0,0,0,0,1.0,0,1,0,0,0.245283
214,8,21,94,4.553877,对照式,共鸣,2024-01-28T18:09:58Z,5,59,155,0,,,,1,0,0,0,1.0,0,1,0,0,0.857143
215,65,65,47,3.871201,对照式,共鸣,2026-04-15T06:25:59Z,1,1,1,0,,,,1,12,0,0,0.384615,12,1,1,0,0.384615
216,5,34,42,3.7612,对照式,共鸣,2025-10-07T12:28:06Z,14,31,51,0,,,,0,0,0,0,0.8,0,1,0,0,0.411765
217,21,107,38,3.663562,对照式,共鸣,2022-10-08T02:43:05Z,,20,10,0,,,,0,2,1,0,0.904762,0,1,0,0,0.261682
218,13,120,14,2.70805,对照式,共鸣,2026-04-14T15:16:29Z,5,,1,0,,,,0,4,0,0,0.692308,0,1,0,0,0.3
219,10,195,100000,11.512935,对照式,共鸣,2025-04-18T15:29:49Z,850,,,1,,,,0,2,0,0,0.9,0,6,4,0,0.374359
220,17,50,100000,11.512935,对照式,共鸣,2024-10-20T13:37:08Z,2984,,,1,,,,0,1,1,0,1.0,0,2,0,0,0.54
221,10,256,100000,11.512935,对照式,共鸣,2026-01-03T14:24:40Z,717,,,1,,,,0,2,0,0,0.9,0,11,9,0,0.378906
222,18,237,100000,11.512935,对照式,共鸣,2025-07-04T08:28:41Z,6534,,,1,,,,0,2,0,0,1.0,0,5,0,0,0.531646
223,17,87,89000,11.396403,对照式,共鸣,2025-08-02T14:13:50Z,652,,,1,,,,0,0,1,0,1.0,0,1,0,0,0.310345
224,16,157,75000,11.225257,对照式,共鸣,2025-10-28T09:54:54Z,422,,8810,1,,,,0,2,0,0,1.0,0,6,0,0,0.490446
225,23,535,47000,10.757924,对照式,共鸣,2025-06-02T11:39:20Z,1485,,,1,,,,0,2,1,0,1.0,0,18,13,0,0.403738
226,18,458,46000,10.736418,对照式,共鸣,2025-06-02T03:45:54Z,1338,,,1,,,,0,1,0,0,0.944444,0,9,3,0,0.458515
227,19,646,45000,10.71444,对照式,共鸣,2024-08-02T07:15:25Z,427,,,1,,,,1,2,1,0,0.947368,0,29,14,0,0.400929
228,18,915,44000,10.691968,对照式,共鸣,2025-09-09T11:01:58Z,3203,,4638,1,,,,1,4,1,0,0.944444,0,48,46,0,0.218579
229,12,365,44000,10.691968,对照式,共鸣,2025-06-16T10:21:01Z,127,,5106,1,,,,1,0,1,0,0.916667,0,17,12,0,0.424658
230,26,278,43000,10.668979,对照式,共鸣,2024-09-25T02:52:47Z,1152,,2692,1,,,,0,1,1,0,0.884615,0,7,4,0,0.489209
231,20,750,42000,10.645449,对照式,共鸣,2024-06-05T10:18:12Z,227,,4524,1,,,,0,2,1,0,0.95,0,21,25,0,0.432
232,14,132,42000,10.645449,对照式,共鸣,2025-01-06T07:06:10Z,635,,6983,1,,,,0,1,1,0,1.0,0,5,4,0,0.469697
233,18,178,37000,10.5187,对照式,共鸣,2026-03-23T08:52:06Z,246,,8269,1,,,,0,3,0,0,0.888889,0,3,0,0,0.488764
234,15,1080,34000,10.434145,对照式,共鸣,2025-11-27T02:30:02Z,369,,3391,1,,,,0,2,0,0,0.866667,0,35,6,0,0.282407
235,18,135,32000,10.373522,对照式,共鸣,2025-10-19T09:18:44Z,382,,5802,1,,,,1,2,0,0,0.944444,0,2,1,0,0.377778
236,22,516,32000,10.373522,对照式,共鸣,2024-05-24T11:32:00Z,223,,744,1,,,,0,3,1,0,0.954545,0,22,7,0,0.399225
237,20,892,31000,10.341775,对照式,共鸣,2026-03-01T09:04:52Z,652,,8091,1,,,,1,0,1,0,0.9,0,33,7,0,0.261211
238,130,130,31000,10.341775,对照式,共鸣,2025-12-17T07:56:06Z,308,,8866,1,,,,1,19,1,0,0.461538,10,3,1,0,0.461538
239,14,472,7464,8.917981,对照式,共鸣,2024-09-25T02:56:28Z,54,3787,873,1,,,,0,1,0,0,1.0,0,20,12,0,0.459746
240,22,881,3723,8.222554,对照式,共鸣,2025-05-23T02:58:39Z,97,6182,1456,1,,,,0,2,0,0,0.909091,0,37,7,0,0.366629
241,10,675,2443,7.801391,对照式,共鸣,2022-03-03T06:29:04Z,145,1863,238,1,,,,0,1,0,1,1.0,0,17,0,0,0.256296
242,19,390,2036,7.619233,对照式,共鸣,2026-03-23T09:22:48Z,275,690,291,1,,,,1,1,0,0,1.0,0,8,1,0,0.417949
243,255,942,1948,7.575072,对照式,共鸣,2018-11-21T08:53:23Z,41,2744,313,1,,,,7,21,0,1,0.556863,0,25,27,0,0.368365
244,10,10,20000,9.903538,对照式,共鸣,2023-04-16T10:13:23Z,187,4858,200,1,,,,0,0,0,0,1.0,0,1,0,0,1.0
245,16,49,13000,9.472782,对照式,共鸣,2025-07-19T03:30:19Z,547,3161,4927,1,,,,0,2,1,0,1.0,0,1,0,0,0.44898
246,11,294,2089,7.644919,对照式,共鸣,2024-04-05T04:02:53Z,313,702,748,1,,,,0,1,1,0,1.0,0,13,0,0,0.404762
247,17,610,1271,7.148346,对照式,共鸣,2025-05-08T13:30:14Z,151,653,367,1,,,,1,0,0,0,1.0,0,18,12,1,0.372131
248,9,146,1217,7.104965,对照式,共鸣,2025-06-03T06:05:59Z,33,433,558,1,,,,0,1,0,1,1.0,0,3,0,0,0.445205
249,20,756,1123,7.024649,对照式,共鸣,2024-06-22T14:54:39Z,17,791,100,1,,,,1,0,0,0,1.0,0,15,18,0,0.353175
250,13,153,535,6.284134,对照式,共鸣,2024-10-30T05:17:12Z,7,782,117,0,,,,1,0,0,0,0.923077,0,8,2,0,0.470588
251,18,576,492,6.200509,对照式,共鸣,2026-02-24T07:40:19Z,37,78,60,0,,,,1,2,1,1,1.0,0,26,8,0,0.453125
252,13,873,440,6.089045,对照式,共鸣,2025-02-24T03:49:57Z,8,238,93,0,,,,0,3,0,1,0.769231,0,43,18,1,0.378007
253,16,47,400,5.993961,对照式,共鸣,2025-08-02T10:15:52Z,110,43,1,0,,,,0,0,1,0,1.0,0,1,0,0,0.425532
254,23,194,332,5.808142,对照式,共鸣,2026-03-25T09:26:02Z,82,154,78,0,,,,1,2,1,1,0.913043,0,8,1,0,0.479381
255,5,125,327,5.793014,对照式,共鸣,2026-02-03T12:26:46Z,1000,65,149,0,,,,0,0,0,0,1.0,0,1,0,0,0.368
256,5,53,261,5.568345,对照式,共鸣,2023-09-02T01:56:07Z,19,128,84,0,,,,0,0,0,0,1.0,0,1,0,0,0.660377
257,22,584,202,5.313206,对照式,共鸣,2025-11-03T06:39:23Z,49,132,37,0,,,,1,1,1,1,0.772727,0,13,6,0,0.364726
258,18,430,197,5.288267,对照式,共鸣,2026-03-22T01:12:08Z,22,192,70,0,,,,1,1,0,0,1.0,0,37,17,1,0.365116
259,20,252,100000,11.512935,对照式,共鸣,2024-11-25T08:37:17Z,738,,,1,,,,1,0,0,0,1.0,0,13,5,0,0.436508
260,12,27,100000,11.512935,对照式,共鸣,2026-04-13T13:36:19Z,,,6286,1,,,,1,0,0,0,1.0,0,1,0,0,0.740741
261,17,98,100000,11.512935,对照式,共鸣,2025-09-23T13:45:07Z,984,,4273,1,,,,0,1,1,0,0.941176,0,2,0,0,0.540816
262,11,129,100000,11.512935,对照式,共鸣,2025-06-03T08:55:32Z,1176,,3120,1,,,,0,0,0,0,1.0,0,3,1,0,0.573643
263,2,81,83000,11.326608,对照式,共鸣,2024-07-21T11:00:45Z,712,8594,460,1,,,,0,0,0,0,1.0,0,4,0,0,0.679012
264,15,51,71000,11.170449,对照式,共鸣,2025-10-15T12:20:45Z,280,,1957,1,,,,0,0,1,0,0.933333,0,1,0,0,0.647059
265,8,88,71000,11.170449,对照式,共鸣,2025-06-12T04:16:24Z,267,,1603,1,,,,0,0,0,0,1.0,0,1,0,0,0.318182
266,12,175,64000,11.066654,对照式,共鸣,2026-03-26T04:02:45Z,274,,2014,1,,,,0,0,1,0,1.0,0,6,0,0,0.565714
267,9,137,63000,11.050906,对照式,共鸣,2026-04-01T11:03:29Z,95,,2304,1,,,,0,0,0,0,1.0,0,1,0,0,0.328467
268,9,211,60000,11.002117,对照式,共鸣,2025-07-26T11:33:30Z,467,,2468,1,,,,0,0,0,0,1.0,0,8,0,0,0.563981
269,20,103,40000,10.59666,对照式,共鸣,2026-03-23T09:36:38Z,398,,538,1,,,,0,1,0,0,1.0,0,1,0,0,0.194175
270,20,331,39000,10.571343,对照式,共鸣,2025-07-19T04:01:49Z,233,,,1,,,,2,4,0,0,0.85,0,6,6,0,0.492447
271,4,19,34000,10.434145,对照式,共鸣,2026-04-12T04:01:35Z,184,,1399,1,,,,0,0,0,0,1.0,0,1,0,0,0.526316
272,16,90,31000,10.341775,对照式,共鸣,2026-03-24T04:02:19Z,166,,1206,1,,,,0,0,0,0,1.0,0,3,0,0,0.522222
273,10,456,29000,10.275086,对照式,共鸣,2025-01-03T09:07:14Z,135,,6772,1,,,,0,0,0,0,1.0,0,26,14,0,0.372807
274,14,133,29000,10.275086,对照式,共鸣,2026-02-08T04:04:54Z,153,,843,1,,,,0,2,0,0,1.0,0,3,1,0,0.458647
275,16,111,27000,10.203629,对照式,共鸣,2026-04-09T10:54:46Z,73,,1206,1,,,,0,0,0,0,1.0,0,1,0,0,0.504505
276,16,17,26000,10.16589,对照式,共鸣,2024-05-29T02:28:42Z,149,5401,246,1,,,,0,0,0,0,0.875,0,1,0,0,0.588235
277,6,89,25000,10.126671,对照式,共鸣,2026-04-01T11:22:32Z,336,6884,496,1,,,,0,0,0,0,1.0,0,1,0,0,0.325843
278,8,127,24000,10.085851,对照式,共鸣,2026-03-19T11:10:05Z,970,9802,774,1,,,,1,0,0,0,1.0,0,2,0,0,0.314961
279,18,536,2892,7.970049,对照式,共鸣,2022-10-12T12:23:14Z,39,1183,64,1,,,,1,0,0,0,1.0,0,19,7,0,0.395522
280,15,585,1076,6.981935,对照式,共鸣,2025-12-27T10:06:01Z,96,445,307,1,,,,1,1,0,1,1.0,0,13,6,0,0.388034
281,17,660,979,6.887553,对照式,共鸣,2024-09-21T10:05:34Z,222,475,309,0,,,,1,0,1,0,0.941176,0,19,12,0,0.386364
282,70,70,863,6.761573,对照式,共鸣,2024-08-14T04:36:05Z,167,453,206,0,,,,0,11,1,1,0.685714,2,1,0,0,0.685714
283,19,251,742,6.610696,对照式,共鸣,2025-03-23T12:13:24Z,4,540,93,0,,,,2,0,0,0,1.0,0,10,8,0,0.390438
284,21,183,538,6.289716,对照式,共鸣,2025-08-30T03:34:03Z,74,185,67,0,,,,0,1,0,0,1.0,0,2,0,0,0.491803
285,21,901,305,5.723585,对照式,共鸣,2025-09-18T05:33:58Z,7,356,96,0,,,,0,0,0,0,0.952381,0,50,21,1,0.265261
286,9,176,247,5.513429,对照式,共鸣,2021-05-22T04:33:38Z,15,326,20,0,,,,0,0,0,0,1.0,0,5,0,0,0.392045
287,11,25,195,5.278115,对照式,共鸣,2024-06-09T09:51:49Z,11,170,15,0,,,,0,0,0,0,1.0,0,1,0,0,0.96
288,20,603,109,4.70048,对照式,共鸣,2026-03-03T08:00:23Z,,97,20,0,,,,2,1,1,0,0.95,0,24,7,1,0.386401
289,20,688,16000,9.680406,对照式,共鸣,2024-06-14T10:00:35Z,123,,3661,1,,,,1,0,0,0,1.0,0,24,15,0,0.385174
290,6,61,8713,9.072686,对照式,共鸣,2024-12-28T11:20:29Z,346,1326,300,1,,,,0,0,0,0,1.0,0,3,3,0,0.672131
291,15,771,8311,9.025456,对照式,共鸣,2026-01-04T13:52:07Z,112,8112,2043,1,,,,0,1,0,0,1.0,0,19,3,0,0.398184
292,14,466,4451,8.401109,对照式,共鸣,2024-06-01T05:21:38Z,186,3775,546,1,,,,0,4,0,0,0.785714,0,18,0,0,0.390558
293,23,517,3982,8.289791,对照式,共鸣,2023-03-30T06:52:40Z,54,2816,673,1,,,,1,0,1,0,1.0,0,18,6,0,0.398453
294,19,548,3989,8.291547,对照式,共鸣,2024-03-21T06:02:04Z,484,2112,820,1,,,,0,1,0,0,0.947368,0,14,9,0,0.377737
295,17,58,2773,7.928046,对照式,共鸣,2023-07-27T09:43:17Z,21,2569,943,1,,,,1,0,0,0,1.0,0,1,0,0,0.37931
296,16,477,45,3.828641,对照式,共鸣,2025-09-28T08:18:25Z,1,32,14,0,,,,1,0,0,0,1.0,0,13,7,1,0.396226
297,13,481,8,2.197225,对照式,共鸣,2026-03-17T10:02:17Z,,2,1,0,,,,0,0,0,0,1.0,0,21,6,0,0.434511
298,14,465,100,4.615121,对照式,共鸣,2026-03-16T07:01:00Z,,1,,0,,,,0,1,0,0,0.928571,0,28,7,0,0.365591
299,59,59,100,4.615121,对照式,共鸣,2026-04-09T01:09:36Z,,,,0,,,,0,7,0,0,0.711864,4,3,0,0,0.711864
300,11,141,7007,8.854808,对照式,共鸣,2023-05-19T05:29:06Z,99,4280,779,1,,,,1,0,0,0,0.909091,0,4,2,0,0.553191
301,20,141,6428,8.768574,对照式,共鸣,2026-04-09T09:55:44Z,88,4480,564,1,,,,0,2,0,1,1.0,0,3,0,0,0.304965
302,20,60,4474,8.406262,对照式,共鸣,2023-09-15T06:38:15Z,101,4530,954,1,,,,0,2,0,0,0.95,0,1,0,0,0.383333
303,21,10,2542,7.8411,对照式,共鸣,2023-02-12T03:52:31Z,37,3062,632,1,,,,0,1,0,0,0.952381,0,1,0,0,0.9
304,17,236,2509,7.828038,对照式,共鸣,2025-04-11T15:30:22Z,4,1758,245,1,,,,0,0,0,0,0.823529,0,2,0,0,0.351695
305,20,585,2084,7.642524,对照式,共鸣,2024-06-06T12:26:10Z,58,1151,619,1,,,,2,2,0,0,0.95,0,8,7,1,0.459829
306,8,72,2080,7.640604,对照式,共鸣,2024-04-29T03:31:49Z,48,1086,320,1,,,,0,1,0,0,1.0,0,2,0,0,0.388889
307,21,423,1979,7.590852,对照式,共鸣,2026-03-06T08:00:25Z,70,1413,309,1,,,,1,0,1,0,0.904762,0,10,7,1,0.468085
308,14,123,1923,7.562162,对照式,共鸣,2023-05-26T02:00:18Z,18,1857,235,1,,,,0,1,0,0,1.0,0,1,0,0,0.365854
309,12,41,1672,7.422374,对照式,共鸣,2025-06-22T08:58:29Z,252,1867,289,1,,,,0,0,0,0,1.0,0,1,0,0,0.780488
310,16,150,1378,7.229114,对照式,共鸣,2025-10-10T06:25:01Z,2,1266,79,1,,,,0,2,0,0,1.0,0,4,0,0,0.366667
311,18,310,1181,7.074963,对照式,共鸣,2025-09-08T09:59:47Z,20,1532,294,1,,,,1,0,0,0,1.0,0,12,4,0,0.451613
312,10,635,5339,8.582981,对照式,共鸣,2026-01-13T12:23:12Z,138,4694,180,1,,,,0,0,0,0,1.0,0,13,9,0,0.428346
313,17,290,837,6.731018,对照式,共鸣,2025-06-03T08:06:27Z,33,764,23,0,,,,1,2,0,0,1.0,0,6,1,0,0.475862
314,10,314,824,6.715383,对照式,共鸣,2022-10-14T23:25:02Z,11,758,49,0,,,,0,1,0,1,1.0,0,11,1,0,0.359873
315,21,107,344,5.843544,对照式,共鸣,2025-05-19T09:04:20Z,22,173,89,0,,,,0,3,0,0,0.904762,0,2,0,0,0.504673
316,13,32,259,5.560682,对照式,共鸣,2022-06-17T10:00:19Z,4,162,10,0,,,,0,1,0,1,1.0,0,1,0,0,0.34375
317,13,147,221,5.402677,对照式,共鸣,2026-01-18T15:51:46Z,32,190,266,0,,,,1,4,0,0,0.846154,0,1,0,0,0.557823
318,19,259,190,5.252273,对照式,共鸣,2026-03-15T13:36:13Z,58,110,8,0,,,,0,2,0,0,0.947368,0,6,0,0,0.505792
319,20,246,168,5.129899,对照式,共鸣,2025-01-08T07:40:00Z,8,182,8,0,,,,0,0,0,0,0.85,0,5,0,0,0.345528
320,6,39,159,5.075174,对照式,共鸣,2026-03-01T04:41:47Z,482,34,43,0,,,,0,1,0,1,1.0,0,1,0,0,0.74359
321,17,490,135,4.912655,对照式,共鸣,2025-11-21T01:13:21Z,5,100,13,0,,,,0,1,0,0,1.0,0,10,0,0,0.414286
322,14,57,125,4.836282,对照式,共鸣,2026-04-06T09:45:06Z,1,80,1,0,,,,0,0,0,0,1.0,0,1,0,0,0.333333
323,10,41,125,4.836282,对照式,共鸣,2026-04-11T03:22:52Z,7,21,1,0,,,,0,0,0,0,0.9,0,2,0,0,0.756098
324,12,391,85,4.454347,对照式,共鸣,2026-04-14T10:37:07Z,23,22,3,0,,,,0,1,0,0,0.916667,0,12,1,0,0.306905
325,12,125,81,4.406719,对照式,共鸣,2025-09-22T13:15:53Z,8,21,9,0,,,,0,0,0,0,0.916667,0,1,0,0,0.656
326,22,345,78,4.369448,对照式,共鸣,2023-10-03T10:21:49Z,16,33,3,0,,,,0,1,1,1,1.0,0,15,16,0,0.443478
327,13,13,21000,9.952325,对照式,共鸣,2024-10-20T08:00:44Z,182,5817,172,1,,,,0,1,0,0,1.0,0,1,0,0,1.0
328,17,22,7722,8.951958,对照式,共鸣,2026-04-15T10:30:34Z,471,1270,87,1,,,,0,2,0,1,0.941176,0,1,0,0,0.590909
329,12,1004,6140,8.722743,对照式,共鸣,2025-11-26T10:43:27Z,105,1403,225,1,,,,0,0,0,0,0.833333,0,17,0,1,0.25
330,13,13,4235,8.351375,对照式,共鸣,2026-04-13T08:25:40Z,63,1415,164,1,,,,0,0,0,0,1.0,0,1,0,0,1.0
331,8,37,3899,8.268732,对照式,共鸣,2024-05-27T02:25:52Z,4089,660,201,1,,,,0,1,0,1,1.0,0,1,0,0,0.621622
332,16,132,3158,8.058011,对照式,共鸣,2022-02-21T10:44:17Z,70,929,69,1,,,,1,1,0,0,0.9375,0,6,2,0,0.477273
333,4,26,1957,7.579679,对照式,共鸣,2023-11-29T09:30:32Z,,446,71,1,,,,0,0,0,0,1.0,0,1,0,0,0.769231
334,15,15,1564,7.355641,对照式,共鸣,2025-06-02T05:04:23Z,42,107,17,1,,,,1,0,0,0,0.866667,0,1,1,0,0.866667
335,5,15,1023,6.931472,对照式,共鸣,2024-01-01T13:38:50Z,1372,163,4,1,,,,0,0,0,0,1.0,0,2,0,0,1.0
336,11,40,480,6.175867,对照式,共鸣,2026-04-15T13:21:25Z,21,173,8,0,,,,0,2,0,1,1.0,0,1,0,0,0.65
337,4,189,437,6.082219,对照式,共鸣,2026-03-31T05:49:36Z,2242,213,23,0,,,,0,0,0,0,1.0,0,13,0,0,0.42328
338,114,114,395,5.981414,对照式,共鸣,2026-02-26T03:07:22Z,1731,208,18,0,,,,0,15,1,0,0.552632,2,13,0,0,0.552632
339,18,79,388,5.963579,对照式,共鸣,2026-04-15T07:09:18Z,2,216,4,0,,,,0,2,0,1,0.888889,0,1,0,0,0.417722
340,20,39,382,5.948035,对照式,共鸣,2024-10-01T11:28:20Z,3603,102,104,0,,,,0,4,0,0,1.0,0,1,0,0,0.410256
341,17,139,363,5.897154,对照式,共鸣,2026-01-12T05:10:49Z,35,77,18,0,,,,0,2,0,1,0.882353,0,1,0,0,0.410072
342,7,265,344,5.843544,对照式,共鸣,2026-02-17T11:55:17Z,1557,93,15,0,,,,0,0,1,0,1.0,0,11,0,0,0.426415
343,17,29,321,5.774552,对照式,共鸣,2023-11-20T09:19:19Z,6,40,2,0,,,,0,2,0,0,0.941176,0,1,0,0,0.482759
344,16,94,321,5.774552,对照式,共鸣,2026-04-13T01:24:31Z,6,109,10,0,,,,0,1,0,0,1.0,0,2,0,0,0.521277
345,10,122,325,5.786897,对照式,共鸣,2026-04-14T03:53:04Z,8,116,9,0,,,,1,1,0,1,1.0,0,1,0,0,0.319672
346,11,63,299,5.703782,对照式,共鸣,2026-04-15T10:46:24Z,57,109,14,0,,,,0,2,0,1,1.0,0,1,0,0,0.619048
347,21,235,68000,11.127278,对照式,共鸣,2025-08-19T10:34:27Z,761,,4430,1,,,,0,2,1,0,0.952381,0,6,0,0,0.387234
348,19,1070,58000,10.968216,对照式,共鸣,2024-11-19T09:17:02Z,981,,5592,1,,,,0,0,0,0,0.894737,0,38,1,1,0.199065
349,15,810,56000,10.933125,对照式,共鸣,2024-10-05T13:49:06Z,495,,1690,1,,,,0,1,0,0,0.933333,0,25,22,0,0.266667
350,16,104,47000,10.757924,对照式,共鸣,2025-10-31T00:50:03Z,363,,2752,1,,,,0,0,0,0,0.875,0,1,0,0,0.182692
351,12,116,41000,10.621352,对照式,共鸣,2026-03-22T07:46:34Z,183,,1779,1,,,,0,1,0,1,1.0,0,1,0,0,0.267241
352,19,153,40000,10.59666,对照式,共鸣,2025-07-06T05:34:14Z,1031,,4238,1,,,,0,3,0,0,0.789474,0,1,2,0,0.261438
353,20,20,39000,10.571343,对照式,共鸣,2025-12-11T06:41:07Z,5505,,6016,1,,,,0,0,1,0,0.8,0,1,0,0,0.8
354,8,79,35000,10.463132,对照式,共鸣,2024-07-10T03:52:03Z,1696,,3620,1,,,,0,0,0,0,0.875,0,1,0,0,0.253165
355,9,199,32000,10.373522,对照式,共鸣,2025-08-01T09:14:28Z,145,,1890,1,,,,0,2,1,0,1.0,0,4,0,0,0.321608
356,20,50,28000,10.239996,对照式,共鸣,2025-11-22T12:48:02Z,1572,,1549,1,,,,0,2,0,0,0.9,0,1,0,0,0.46
357,12,526,27000,10.203629,对照式,共鸣,2025-06-01T13:27:48Z,386,,1996,1,,,,0,0,0,0,1.0,0,12,4,0,0.45057
358,22,724,21000,9.952325,对照式,共鸣,2024-08-16T16:04:53Z,348,,1488,1,,,,0,3,1,0,0.727273,0,14,13,0,0.374309
359,6,112,21000,9.952325,对照式,共鸣,2025-09-09T03:38:00Z,672,,747,1,,,,0,0,0,0,1.0,0,2,0,0,0.5625
360,24,50,20000,9.903538,对照式,共鸣,2025-01-04T13:50:55Z,366,,5701,1,,,,0,0,1,0,0.75,0,1,0,0,0.46
361,15,74,20000,9.903538,对照式,共鸣,2025-09-03T11:01:27Z,423,,3514,1,,,,0,2,0,0,0.866667,0,1,0,0,0.391892
362,105,105,19000,9.852247,对照式,共鸣,2026-03-05T10:05:04Z,135,9384,832,1,,,,0,15,1,0,0.409524,14,2,0,0,0.409524
363,10,775,17000,9.741027,对照式,共鸣,2026-02-14T14:44:02Z,184,4789,240,1,,,,0,0,0,0,1.0,0,24,4,0,0.23871
364,14,610,14000,9.546884,对照式,共鸣,2025-05-21T09:40:14Z,659,,1541,1,,,,1,2,0,0,0.928571,0,11,13,0,0.444262
365,9,99,13000,9.472782,对照式,共鸣,2026-02-16T01:53:21Z,58,9567,596,1,,,,0,1,0,0,1.0,0,1,0,0,0.282828
366,8,79,13000,9.472782,对照式,共鸣,2025-04-07T01:44:19Z,389,,776,1,,,,0,0,1,0,1.0,0,1,0,0,0.493671
367,22,131,100000,11.512935,对照式,共鸣,2026-04-12T09:32:22Z,1995,,6841,1,,,,0,3,0,0,1.0,0,2,0,0,0.396947
368,5,75,95000,11.461643,对照式,共鸣,2026-03-30T09:17:57Z,2847,4982,2507,1,,,,0,1,0,1,0.8,0,1,0,0,0.466667
369,11,26,84000,11.338584,对照式,共鸣,2026-03-27T23:15:13Z,6730,9699,,1,,,,0,0,0,0,1.0,0,1,0,0,0.461538
370,15,155,32000,10.373522,对照式,共鸣,2025-05-25T15:14:56Z,454,3223,1685,1,,,,2,0,0,0,1.0,0,6,0,0,0.419355
371,13,113,31000,10.341775,对照式,共鸣,2026-03-23T02:30:36Z,353,1509,233,1,,,,0,3,0,0,0.846154,0,1,0,0,0.221239
372,13,110,19000,9.852247,对照式,共鸣,2026-02-01T09:46:07Z,368,995,1074,1,,,,0,2,0,0,1.0,0,1,0,0,0.218182
373,19,67,15000,9.615872,对照式,共鸣,2026-03-07T13:16:49Z,238,1790,286,1,,,,1,0,0,0,0.894737,0,1,1,0,0.567164
374,21,110,14000,9.546884,对照式,共鸣,2026-04-03T06:44:09Z,65,3418,332,1,,,,0,0,0,0,0.904762,0,1,0,0,0.227273
375,15,89,11000,9.305741,对照式,共鸣,2025-08-22T23:23:11Z,158,8115,910,1,,,,0,0,1,0,0.933333,0,1,0,0,0.280899
376,17,79,11000,9.305741,对照式,共鸣,2025-09-22T07:29:24Z,248,7728,894,1,,,,0,2,1,0,0.941176,0,1,0,0,0.303797
377,15,100,8368,9.03229,对照式,共鸣,2025-07-16T04:07:38Z,270,1187,1485,1,,,,0,1,0,0,1.0,0,1,0,0,0.23
378,9,129,5703,8.648923,对照式,共鸣,2025-09-03T12:46:53Z,246,2304,1097,1,,,,0,0,0,0,1.0,0,2,0,0,0.589147
379,20,383,5193,8.555259,对照式,共鸣,2024-05-05T05:56:41Z,1399,4809,283,1,,,,0,2,0,0,0.7,0,34,1,0,0.32376
380,16,131,5128,8.542666,对照式,共鸣,2025-04-03T03:16:34Z,1338,6894,386,1,,,,0,0,0,0,1.0,0,1,0,0,0.267176
381,14,146,4853,8.487558,对照式,共鸣,2024-09-14T19:54:56Z,243,447,1265,1,,,,0,0,0,0,0.571429,0,3,0,0,0.424658
382,22,261,3462,8.149891,对照式,共鸣,2025-10-12T09:26:20Z,166,1708,197,1,,,,0,0,1,0,0.727273,0,6,1,0,0.48659
383,16,165,3335,8.112528,对照式,共鸣,2023-12-10T12:13:50Z,92,2211,225,1,,,,0,2,0,0,0.9375,0,3,0,1,0.551515
384,16,95,3277,8.094989,对照式,共鸣,2026-04-13T05:21:58Z,132,190,231,1,,,,0,0,0,0,0.9375,0,2,0,0,0.726316
385,21,21,3209,8.074026,对照式,共鸣,2026-01-04T02:57:55Z,477,3611,248,1,,,,1,4,1,0,0.904762,0,1,1,0,0.904762
386,12,68,2819,7.944492,对照式,共鸣,2024-11-25T09:44:05Z,60,1885,340,1,,,,0,1,1,0,0.916667,0,2,1,0,0.352941
387,10,52,100000,11.512935,对照式,共鸣,2026-02-19T04:01:07Z,,,4974,1,,,,1,1,0,0,1.0,0,1,0,0,0.846154
388,4,51,100000,11.512935,对照式,共鸣,2026-01-21T07:26:38Z,,,,1,,,,0,0,0,0,1.0,0,1,0,0,0.588235
389,18,156,100000,11.512935,对照式,共鸣,2026-03-10T03:30:53Z,5678,,,1,,,,0,3,0,0,0.944444,0,2,0,0,0.391026
390,16,197,100000,11.512935,对照式,共鸣,2025-10-09T08:09:38Z,716,,,1,,,,0,0,0,0,0.875,0,4,0,0,0.370558
391,22,538,100000,11.512935,对照式,共鸣,2022-08-22T07:36:08Z,270,,6815,1,,,,1,1,1,0,1.0,0,29,3,0,0.392193
392,20,972,84000,11.338584,对照式,共鸣,2022-05-01T07:48:34Z,301,,9390,1,,,,1,0,0,0,0.9,0,23,9,0,0.309671
393,18,210,82000,11.314487,对照式,共鸣,2026-01-08T09:38:48Z,1085,,,1,,,,0,3,0,0,0.944444,0,3,2,0,0.438095
394,22,251,77000,11.251574,对照式,共鸣,2025-05-06T12:31:52Z,360,,9562,1,,,,1,0,1,0,0.863636,0,13,16,0,0.569721
395,17,238,68000,11.127278,对照式,共鸣,2025-04-10T10:13:53Z,732,,,1,,,,0,4,0,0,0.823529,0,4,2,0,0.470588
396,19,172,58000,10.968216,对照式,共鸣,2024-06-11T12:31:50Z,323,,6561,1,,,,1,0,0,0,1.0,0,7,0,1,0.412791
397,17,170,56000,10.933125,对照式,共鸣,2025-08-11T08:46:06Z,1479,,9782,1,,,,1,1,1,0,0.882353,0,3,0,0,0.441176
398,16,89,56000,10.933125,对照式,共鸣,2025-06-16T13:35:01Z,1375,,,1,,,,0,0,0,0,0.9375,0,1,0,0,0.348315
399,21,397,55000,10.915107,对照式,共鸣,2024-10-30T08:11:21Z,289,,,1,,,,0,0,0,0,0.952381,0,8,5,0,0.410579
400,14,171,53000,10.878066,对照式,共鸣,2024-10-17T08:17:08Z,194,,,1,,,,0,2,0,0,0.785714,0,6,0,0,0.397661
401,12,141,51000,10.839601,对照式,共鸣,2024-09-13T09:20:19Z,861,,8639,1,,,,0,0,0,0,1.0,0,1,0,0,0.411348
402,8,359,46000,10.736418,对照式,共鸣,2026-01-06T07:55:49Z,570,,,1,,,,0,2,0,0,0.875,0,8,1,0,0.423398
403,13,134,45000,10.71444,对照式,共鸣,2025-08-14T03:47:00Z,133,,5402,1,,,,1,0,0,0,1.0,0,10,0,0,0.485075
404,18,262,45000,10.71444,对照式,共鸣,2025-01-26T07:27:02Z,793,,,1,,,,2,0,0,0,1.0,0,9,4,0,0.446565
405,19,209,43000,10.668979,对照式,共鸣,2025-02-24T08:36:55Z,826,,,1,,,,0,3,0,0,0.894737,0,6,3,0,0.449761
406,9,82,63000,11.050906,对照式,共鸣,2025-08-14T23:27:21Z,717,,4804,1,,,,0,1,0,0,1.0,0,1,0,0,0.426829
407,9,112,19000,9.852247,对照式,共鸣,2026-03-17T04:01:30Z,455,9057,6090,1,,,,0,1,0,0,1.0,0,1,0,0,0.348214
408,20,88,16000,9.680406,对照式,共鸣,2026-04-05T09:12:17Z,192,,831,1,,,,0,1,1,0,0.95,0,1,0,0,0.443182
409,13,57,15000,9.615872,对照式,共鸣,2026-03-26T11:50:42Z,203,1380,522,1,,,,1,0,0,0,0.923077,0,1,0,0,0.438596
410,11,516,11000,9.305741,对照式,共鸣,2026-04-03T11:41:18Z,72,3962,88,1,,,,0,0,0,0,0.636364,0,30,3,0,0.416667
411,4,191,11000,9.305741,对照式,共鸣,2026-01-07T14:48:14Z,60,4538,320,1,,,,0,0,0,0,1.0,0,1,0,0,0.492147
412,12,997,7228,8.885856,对照式,共鸣,2025-07-28T12:02:16Z,88,5502,249,1,,,,0,0,0,0,1.0,0,60,0,0,0.342026
413,5,88,6455,8.772765,对照式,共鸣,2024-08-20T00:27:26Z,148,2705,244,1,,,,1,0,0,0,1.0,0,1,0,0,0.375
414,11,56,4718,8.459352,对照式,共鸣,2022-06-04T12:38:35Z,37,1364,5,1,,,,0,2,1,0,1.0,0,3,1,0,0.517857
415,1,77,4409,8.39163,对照式,共鸣,2025-06-01T15:21:01Z,33,168,29,1,,,,1,0,0,0,1.0,0,2,0,0,0.441558
416,9,124,3776,8.236685,对照式,共鸣,2026-04-09T08:58:20Z,153,997,126,1,,,,0,0,0,0,0.888889,0,1,0,0,0.290323
417,9,121,3556,8.176673,对照式,共鸣,2026-04-04T11:26:01Z,268,1795,766,1,,,,1,0,0,0,1.0,0,3,0,0,0.413223
418,6,46,2924,7.98105,对照式,共鸣,2026-03-25T08:03:10Z,51,219,39,1,,,,1,0,0,0,1.0,0,2,4,0,0.630435
419,5,29,2690,7.897668,对照式,共鸣,2026-03-17T02:03:28Z,122,345,690,1,,,,0,0,0,0,1.0,0,1,0,0,0.551724
420,21,110,2669,7.889834,对照式,共鸣,2025-12-01T10:13:02Z,61,850,115,1,,,,0,2,0,0,0.952381,0,1,0,0,0.254545
421,23,377,2345,7.760467,对照式,共鸣,2026-03-23T05:22:50Z,37,1195,51,1,,,,1,0,0,0,1.0,0,16,13,0,0.440318
422,19,491,1976,7.589336,对照式,共鸣,2024-05-21T08:17:10Z,29,1238,114,1,,,,0,2,0,0,0.947368,0,22,8,1,0.433809
423,9,752,1796,7.493874,对照式,共鸣,2025-04-23T06:34:39Z,47,933,44,1,,,,1,0,0,0,1.0,0,38,27,0,0.4375
424,10,114,1608,7.383368,对照式,共鸣,2025-11-28T08:00:35Z,34,428,129,1,,,,0,0,0,0,0.9,0,1,0,0,0.342105
425,19,115,1527,7.331715,对照式,共鸣,2026-03-28T13:29:47Z,41,1153,82,1,,,,0,1,1,0,1.0,0,1,0,0,0.252174
426,18,96,12000,9.392745,对照式,共鸣,2026-02-05T06:36:19Z,344,,6811,1,,,,0,6,1,0,0.722222,0,1,0,0,0.354167
427,20,62,6075,8.712102,对照式,共鸣,2025-02-09T11:41:45Z,437,581,450,1,,,,0,5,1,0,0.9,0,1,0,0,0.403226
428,20,98,6033,8.705165,对照式,共鸣,2024-06-05T15:59:38Z,180,3888,8561,1,,,,0,4,0,0,0.85,0,2,0,0,0.632653
429,22,270,4266,8.358666,对照式,共鸣,2024-01-22T08:36:32Z,158,2633,2346,1,,,,0,2,0,0,0.863636,0,12,8,1,0.559259
430,20,633,4144,8.329658,对照式,共鸣,2024-02-05T23:45:52Z,111,4900,3917,1,,,,1,0,0,0,0.95,0,30,10,0,0.35861
431,14,197,2606,7.865955,对照式,共鸣,2024-06-12T07:37:55Z,228,2027,1488,1,,,,1,0,0,0,1.0,0,7,1,0,0.517766
432,20,330,2560,7.848153,对照式,共鸣,2022-09-02T02:35:52Z,106,1977,1775,1,,,,1,0,0,0,0.95,0,15,8,0,0.5
433,21,743,2375,7.773174,对照式,共鸣,2021-07-17T10:02:45Z,97,1866,2155,1,,,,2,0,0,0,1.0,0,32,14,0,0.432032
434,19,144,2067,7.634337,对照式,共鸣,2025-12-14T10:30:36Z,31,133,368,1,,,,0,0,1,0,1.0,0,1,0,0,0.375
435,16,68,1944,7.573017,对照式,共鸣,2024-03-06T14:51:49Z,167,1347,1274,1,,,,2,2,0,0,0.875,0,2,0,0,0.470588
436,25,614,1655,7.41216,对照式,共鸣,2024-04-18T13:33:53Z,29,2224,1239,1,,,,1,0,1,0,1.0,0,25,9,0,0.356678
437,14,288,1520,7.327123,对照式,共鸣,2024-06-19T08:04:04Z,64,1134,627,1,,,,0,5,0,0,0.714286,0,10,0,0,0.489583
438,18,509,1524,7.32975,对照式,共鸣,2022-10-13T06:25:07Z,46,1057,1209,1,,,,2,0,0,0,0.944444,0,27,20,0,0.514735
439,19,248,1454,7.282761,对照式,共鸣,2025-04-23T09:45:53Z,46,695,388,1,,,,0,4,0,0,0.789474,0,9,5,0,0.625
440,23,683,1449,7.279319,对照式,共鸣,2023-09-26T10:10:27Z,29,695,397,1,,,,1,3,1,0,0.826087,0,11,30,0,0.379209
441,19,232,1368,7.221836,对照式,共鸣,2026-03-18T05:20:57Z,26,291,195,1,,,,0,2,1,0,0.894737,0,8,0,0,0.474138
442,10,336,1340,7.201171,对照式,共鸣,2025-12-29T09:46:40Z,35,1253,451,1,,,,0,0,1,0,1.0,0,17,0,0,0.482143
443,20,343,1268,7.145984,对照式,共鸣,2024-09-12T10:39:30Z,46,870,1035,1,,,,0,1,0,0,0.95,0,18,5,0,0.51312
444,23,505,1065,6.971669,对照式,共鸣,2024-12-06T09:30:49Z,65,1095,579,1,,,,1,0,1,0,0.956522,0,6,8,1,0.429703
445,9,8,4435,8.397508,对照式,共鸣,2023-09-05T06:17:53Z,110,7150,485,1,,,,0,2,0,0,1.0,0,1,0,0,0.875
446,6,15,3705,8.217708,对照式,共鸣,2022-01-14T12:14:36Z,92,6324,1007,1,,,,0,2,0,0,0.833333,0,1,0,0,0.8
447,11,8,2894,7.97074,对照式,共鸣,2022-04-01T04:28:19Z,21,5355,269,1,,,,0,2,1,0,1.0,0,1,0,0,0.875
448,17,17,2666,7.88871,对照式,共鸣,2025-01-22T09:09:45Z,29,4765,552,1,,,,0,4,0,0,0.941176,2,1,0,0,0.941176
449,6,8,2494,7.822044,对照式,共鸣,2022-03-28T06:57:56Z,53,4809,412,1,,,,0,0,0,0,1.0,0,1,0,0,0.875
450,9,8,2471,7.812783,对照式,共鸣,2023-01-31T06:36:51Z,58,3732,361,1,,,,0,4,0,0,1.0,0,1,0,0,0.875
451,16,31,1981,7.591862,对照式,共鸣,2021-10-23T04:46:28Z,20,2922,113,1,,,,0,4,1,0,1.0,0,1,0,0,0.83871
452,11,8,1935,7.568379,对照式,共鸣,2022-09-29T12:39:20Z,15,4154,243,1,,,,0,2,0,0,1.0,0,1,0,0,0.875
453,11,8,1518,7.325808,对照式,共鸣,2022-04-01T04:53:03Z,5,2414,78,1,,,,0,2,1,0,1.0,0,1,0,0,0.875
454,10,8,1471,7.294377,对照式,共鸣,2021-09-02T13:52:17Z,28,3013,208,1,,,,0,2,1,0,1.0,0,1,0,0,0.875
455,14,8,1236,7.120444,对照式,共鸣,2023-05-18T11:56:35Z,33,2587,368,1,,,,0,4,0,0,1.0,0,1,0,0,0.875
456,10,15,1197,7.088409,对照式,共鸣,2022-01-14T12:22:51Z,19,2026,309,1,,,,0,2,0,0,0.9,0,1,0,0,0.8
457,16,31,1076,6.981935,对照式,共鸣,2021-10-23T04:40:47Z,15,1624,126,1,,,,0,4,1,0,1.0,0,1,0,0,0.83871
458,17,17,1009,6.917706,对照式,共鸣,2025-01-23T01:33:10Z,34,1425,156,1,,,,0,4,0,0,0.941176,2,1,0,0,0.941176
459,6,15,760,6.634633,对照式,共鸣,2022-01-15T00:30:25Z,9,1480,264,0,,,,0,2,0,0,0.833333,0,1,0,0,0.8
460,6,15,714,6.572283,对照式,共鸣,2022-01-15T00:45:14Z,18,1415,263,0,,,,0,2,0,0,0.833333,0,1,0,0,0.8
461,6,15,711,6.568078,对照式,共鸣,2022-01-15T00:52:09Z,6,1345,264,0,,,,0,2,0,0,0.833333,0,1,0,0,0.8
462,16,30,565,6.338594,对照式,共鸣,2021-11-15T05:31:19Z,2,943,66,0,,,,0,4,1,0,1.0,0,1,0,0,0.866667
463,11,8,447,6.104793,对照式,共鸣,2022-04-01T04:34:06Z,3,896,50,0,,,,0,2,1,0,1.0,0,1,0,0,0.875
464,12,8,413,6.025866,对照式,共鸣,2023-05-20T02:24:53Z,18,926,128,0,,,,0,2,0,0,1.0,0,1,0,0,0.875
465,7,58,20000,9.903538,对照式,共鸣,2026-01-09T08:55:42Z,222,1242,523,1,,,,0,1,0,1,0.857143,0,2,0,0,0.603448
466,14,112,6204,8.733111,对照式,共鸣,2025-06-28T17:14:01Z,255,380,315,1,,,,0,0,0,0,0.928571,0,1,0,0,0.401786
467,15,343,3446,8.14526,对照式,共鸣,2025-10-04T10:37:25Z,100,454,430,1,,,,1,2,0,0,1.0,0,4,0,0,0.466472
468,9,248,2170,7.682943,对照式,共鸣,2025-11-04T05:25:16Z,256,840,569,1,,,,0,0,0,0,0.666667,0,10,1,0,0.419355
469,7,216,1970,7.586296,对照式,共鸣,2024-07-11T12:38:14Z,163,974,174,1,,,,0,1,0,0,1.0,0,11,1,0,0.430556
470,90,90,1954,7.578145,对照式,共鸣,2024-10-08T13:41:14Z,60,1748,287,1,,,,0,18,0,0,0.322222,14,1,0,0,0.322222
471,11,225,1605,7.381502,对照式,共鸣,2021-06-26T16:52:43Z,91,1122,78,1,,,,0,0,0,0,1.0,0,1,1,0,0.586667
472,11,84,1489,7.306531,对照式,共鸣,2026-04-15T06:17:02Z,96,1403,814,1,,,,0,0,0,0,1.0,0,2,1,0,0.809524
473,17,106,1319,7.185387,对照式,共鸣,2024-01-03T08:50:56Z,229,1110,42,1,,,,0,5,0,0,0.764706,0,4,0,1,0.462264
474,5,46,1235,7.119636,对照式,共鸣,2024-04-08T15:49:56Z,322,688,42,1,,,,0,0,0,0,1.0,0,1,0,0,0.565217
475,12,186,1231,7.116394,对照式,共鸣,2025-06-17T09:34:54Z,107,631,221,1,,,,1,0,0,0,1.0,0,2,0,0,0.548387
476,11,92,998,6.906755,对照式,共鸣,2023-11-10T03:15:06Z,201,643,63,0,,,,0,0,0,0,1.0,0,1,1,0,0.73913
477,1,63,929,6.835185,对照式,共鸣,2024-03-19T14:18:17Z,46,77,117,0,,,,0,0,0,0,1.0,0,1,0,0,0.825397
478,22,404,913,6.817831,对照式,共鸣,2026-02-25T11:26:35Z,40,436,159,0,,,,0,1,1,0,0.954545,0,26,3,0,0.438119
479,16,66,908,6.812345,对照式,共鸣,2026-01-26T10:48:29Z,292,695,1159,0,,,,0,3,0,0,0.875,0,1,0,0,0.378788
480,9,228,841,6.73578,对照式,共鸣,2025-11-06T06:32:45Z,118,862,635,0,,,,0,0,0,0,1.0,0,9,0,0,0.578947
481,21,213,100000,11.512935,对照式,共鸣,2021-05-13T08:47:40Z,972,,4992,1,,,,0,1,0,0,1.0,0,20,0,1,0.488263
482,17,123,100000,11.512935,对照式,共鸣,2025-12-10T09:16:00Z,1872,,2164,1,,,,0,1,1,1,0.941176,0,1,0,0,0.414634
483,12,10,27000,10.203629,对照式,共鸣,2020-10-23T04:57:33Z,506,,4016,1,,,,0,1,0,0,0.833333,0,1,0,0,1.0
484,20,387,13000,9.472782,对照式,共鸣,2023-03-10T07:24:16Z,93,,2504,1,,,,0,0,0,0,0.95,0,18,0,0,0.315245
485,16,688,10000,9.21044,对照式,共鸣,2026-02-05T05:01:41Z,236,7764,997,1,,,,1,0,1,0,1.0,0,32,10,0,0.402616
486,18,556,6763,8.81937,对照式,共鸣,2022-01-10T09:28:47Z,42,7133,910,1,,,,0,0,0,0,0.888889,0,15,9,0,0.375899
487,9,141,6508,8.780941,对照式,共鸣,2025-12-27T11:11:29Z,105,4293,397,1,,,,0,0,0,0,1.0,0,2,0,0,0.475177
488,20,423,5697,8.647871,对照式,共鸣,2026-03-26T08:29:56Z,97,5294,899,1,,,,0,1,1,0,1.0,0,27,2,1,0.484634
489,12,87,4743,8.464636,对照式,共鸣,2020-03-18T10:39:47Z,37,3359,824,1,,,,0,0,0,0,1.0,0,3,0,0,0.574713
490,15,1001,3711,8.219326,对照式,共鸣,2024-12-07T21:57:33Z,37,3034,556,1,,,,0,0,0,0,1.0,0,24,6,0,0.296703
491,15,96,3195,8.069655,对照式,共鸣,2025-12-19T23:00:20Z,44,4624,409,1,,,,0,2,0,0,1.0,0,1,0,0,0.572917
492,18,729,2649,7.882315,对照式,共鸣,2025-10-02T09:54:21Z,17,2650,822,1,,,,0,0,1,0,1.0,0,34,5,0,0.421125
493,16,117,2499,7.824046,对照式,共鸣,2022-11-20T13:50:00Z,34,3570,958,1,,,,0,2,1,0,1.0,0,3,1,1,0.641026
494,14,91,2235,7.712444,对照式,共鸣,2024-02-17T01:33:00Z,8,2633,267,1,,,,0,1,0,0,0.928571,0,3,0,0,0.373626
495,18,32,2109,7.654443,对照式,共鸣,2024-03-05T12:04:54Z,14,2362,297,1,,,,0,1,1,0,1.0,0,1,0,0,0.46875
496,15,555,2105,7.652546,对照式,共鸣,2025-01-13T03:30:18Z,9,2280,252,1,,,,0,0,0,0,1.0,0,19,0,0,0.154955
497,18,931,2103,7.651596,对照式,共鸣,2024-06-24T12:08:30Z,33,1995,421,1,,,,1,0,0,0,0.888889,0,35,8,0,0.329753
498,15,845,11000,9.305741,对照式,共鸣,2024-05-29T12:12:04Z,263,5897,2909,1,,,,1,1,0,0,0.933333,0,32,12,1,0.373964
499,16,586,4991,8.515592,对照式,共鸣,2024-06-25T12:15:34Z,48,4624,632,1,,,,0,1,0,0,0.875,0,16,2,0,0.411263
500,10,92,4009,8.296547,对照式,共鸣,2022-01-29T10:14:52Z,120,4244,679,1,,,,0,0,0,0,1.0,0,1,0,0,0.25
501,7,43,2953,7.990915,对照式,共鸣,2024-07-02T15:07:24Z,12,1349,333,1,,,,0,0,0,0,1.0,0,1,0,0,0.581395
502,20,898,1514,7.323171,对照式,共鸣,2025-12-31T13:55:26Z,42,1330,426,1,,,,0,1,1,0,0.95,0,25,19,1,0.398664
503,14,708,1458,7.285507,对照式,共鸣,2025-04-16T14:21:23Z,45,834,304,1,,,,0,0,0,0,0.928571,0,16,10,0,0.391243
504,16,775,1338,7.199678,对照式,共鸣,2024-05-08T09:39:00Z,225,714,209,1,,,,0,0,1,0,0.9375,0,32,22,0,0.396129
505,20,869,1134,7.034388,对照式,共鸣,2025-12-22T03:27:00Z,42,1029,288,1,,,,0,1,1,0,0.95,0,25,22,1,0.414269
506,15,704,1014,6.922644,对照式,共鸣,2025-07-28T13:30:15Z,71,1023,443,1,,,,1,2,1,0,0.933333,0,55,30,0,0.352273
507,21,162,964,6.872128,对照式,共鸣,2025-03-22T00:49:29Z,25,1044,265,0,,,,0,2,1,0,1.0,0,3,7,0,0.358025
508,17,142,963,6.871091,对照式,共鸣,2024-03-29T12:19:20Z,567,894,188,0,,,,0,0,0,0,0.882353,0,1,0,0,0.28169
509,15,1056,595,6.390241,对照式,共鸣,2024-08-31T09:38:13Z,135,522,162,0,,,,0,2,0,0,0.8,0,38,0,1,0.380682
510,12,105,575,6.356108,对照式,共鸣,2024-04-15T13:25:02Z,47,389,53,0,,,,0,0,0,0,1.0,0,1,0,0,0.27619
511,21,455,518,6.251904,对照式,共鸣,2024-07-07T07:44:14Z,21,468,55,0,,,,0,0,0,0,0.952381,0,13,0,1,0.342857
512,13,692,508,6.232448,对照式,共鸣,2026-03-09T13:13:01Z,9,603,131,0,,,,0,1,1,0,1.0,0,30,32,0,0.372832
513,16,262,504,6.224558,对照式,共鸣,2025-03-03T10:53:11Z,105,364,115,0,,,,0,0,1,0,0.9375,0,11,2,0,0.431298
514,18,257,482,6.180017,对照式,共鸣,2026-04-06T09:57:40Z,25,168,18,0,,,,0,1,1,0,0.944444,0,7,0,0,0.459144
515,17,66,482,6.180017,对照式,共鸣,2024-03-01T15:20:20Z,46,419,151,0,,,,0,2,0,0,1.0,0,1,0,0,0.287879
516,13,31,429,6.063785,对照式,共鸣,2024-06-26T07:25:21Z,,181,62,0,,,,0,0,1,0,1.0,0,1,0,0,0.354839
517,14,103,401,5.996452,对照式,共鸣,2025-08-24T04:02:29Z,2,478,68,0,,,,0,0,0,0,1.0,0,1,0,0,0.23301
518,9,194,67000,11.112463,对照式,共鸣,2024-08-30T09:05:46Z,259,,2569,1,,,,0,0,0,0,1.0,0,7,0,0,0.448454
519,15,892,56000,10.933125,对照式,共鸣,2024-07-07T11:18:55Z,1997,,4872,1,,,,0,0,0,0,1.0,0,18,11,0,0.345291
520,18,193,51000,10.839601,对照式,共鸣,2024-04-07T06:19:21Z,1147,,2712,1,,,,0,0,0,0,0.888889,0,7,1,0,0.367876
521,16,59,50000,10.819798,对照式,共鸣,2024-10-05T15:38:12Z,123,,644,1,,,,0,2,0,0,0.9375,0,1,0,0,0.288136
522,9,232,32000,10.373522,对照式,共鸣,2024-03-19T09:54:32Z,328,,832,1,,,,0,0,0,0,1.0,0,6,0,1,0.573276
523,15,169,29000,10.275086,对照式,共鸣,2024-07-29T01:45:43Z,285,,1369,1,,,,0,1,0,0,1.0,0,5,0,0,0.420118
524,15,136,24000,10.085851,对照式,共鸣,2026-03-02T12:12:04Z,2410,,5113,1,,,,0,1,1,0,1.0,0,2,0,0,0.455882
525,20,484,23000,10.043293,对照式,共鸣,2023-12-14T14:50:04Z,1062,,1118,1,,,,0,1,0,0,0.95,0,12,0,1,0.460744
526,16,259,20000,9.903538,对照式,共鸣,2023-06-30T13:36:38Z,86,7222,282,1,,,,0,1,0,0,0.875,0,12,0,0,0.389961
527,116,116,20000,9.903538,对照式,共鸣,2025-06-17T23:20:50Z,191,,2873,1,,,,0,19,0,0,0.336207,18,1,0,0,0.336207
528,6,55,18000,9.798183,对照式,共鸣,2025-12-15T00:42:21Z,4564,6206,3209,1,,,,1,0,0,0,1.0,0,1,0,0,0.490909
529,28,28,16000,9.680406,对照式,共鸣,2025-06-23T08:49:18Z,448,,603,1,,,,0,3,0,1,0.892857,0,1,0,0,0.892857
530,17,113,14000,9.546884,对照式,共鸣,2026-02-04T11:07:01Z,,2415,3309,1,,,,0,1,0,0,0.823529,0,1,0,0,0.283186
531,18,670,14000,9.546884,对照式,共鸣,2025-07-28T02:23:51Z,134,,1458,1,,,,0,1,1,0,0.888889,0,19,12,0,0.391045
532,22,177,13000,9.472782,对照式,共鸣,2024-09-14T23:27:49Z,135,8293,557,1,,,,0,0,1,0,0.909091,0,3,0,0,0.310734
533,16,343,13000,9.472782,对照式,共鸣,2025-12-22T11:32:37Z,573,4482,838,1,,,,0,2,0,1,1.0,0,11,3,0,0.405248
534,104,104,13000,9.472782,对照式,共鸣,2026-01-09T01:25:13Z,50,5010,229,1,,,,0,20,0,0,0.221154,20,1,0,0,0.221154
535,53,53,11000,9.305741,对照式,共鸣,2025-11-10T22:00:18Z,124,6673,620,1,,,,0,0,1,0,0.622642,4,1,0,0,0.622642
536,14,615,11000,9.305741,对照式,共鸣,2024-10-09T10:03:51Z,1721,3960,984,1,,,,0,0,1,0,1.0,0,4,0,0,0.247154
537,22,480,14000,9.546884,对照式,共鸣,2024-10-25T08:52:44Z,172,,4391,1,,,,1,4,0,0,0.909091,0,19,9,0,0.441667
538,15,48,6187,8.730367,对照式,共鸣,2026-04-16T03:00:28Z,635,1519,2871,1,,,,0,0,0,0,0.933333,0,1,0,0,0.354167
539,16,783,6088,8.714239,对照式,共鸣,2024-07-06T03:41:16Z,158,5107,2322,1,,,,0,2,0,0,0.9375,0,11,0,0,0.33461
540,15,443,4187,8.339979,对照式,共鸣,2025-03-06T08:17:45Z,74,3409,875,1,,,,3,2,0,0,0.933333,0,14,1,0,0.386005
541,10,49,4175,8.337109,对照式,共鸣,2024-10-18T13:35:17Z,103,2877,2336,1,,,,0,0,1,0,1.0,0,2,0,0,0.510204
542,11,192,4033,8.302514,对照式,共鸣,2026-04-14T20:34:38Z,182,947,466,1,,,,0,0,0,0,1.0,0,2,0,0,0.583333
543,21,312,5050,8.527342,对照式,共鸣,2025-09-13T00:02:16Z,80,6459,1580,1,,,,0,2,1,0,0.952381,0,7,0,0,0.413462
544,20,872,21000,9.952325,对照式,共鸣,2021-02-07T05:15:46Z,49,2410,885,1,,,,2,0,0,0,1.0,0,28,20,0,0.396789
545,19,159,2499,7.824046,对照式,共鸣,2025-09-15T00:01:33Z,38,3687,1053,1,,,,0,0,0,0,0.789474,0,2,0,0,0.345912
546,15,177,2122,7.660585,对照式,共鸣,2025-11-04T07:05:41Z,199,1119,616,1,,,,2,0,1,0,1.0,0,7,1,0,0.389831
547,7,81,1305,7.174724,对照式,共鸣,2025-12-13T13:04:34Z,130,192,700,1,,,,0,0,0,0,1.0,0,1,0,0,0.345679
548,18,359,1283,7.157735,对照式,共鸣,2025-09-17T00:01:35Z,23,1054,303,1,,,,1,0,1,0,0.833333,0,9,2,0,0.534819
549,21,395,10000,9.21044,对照式,共鸣,2025-07-18T14:49:25Z,252,8190,6164,1,,,,1,4,1,0,1.0,0,19,1,0,0.326582
550,16,110,8567,9.05579,对照式,共鸣,2025-06-04T10:31:03Z,357,693,567,1,,,,0,3,1,0,0.875,0,2,0,0,0.4
551,16,249,6643,8.801469,对照式,共鸣,2025-03-28T10:20:30Z,153,3612,4806,1,,,,0,7,0,0,0.6875,0,7,0,0,0.562249
552,20,966,5631,8.63622,对照式,共鸣,2020-11-23T14:46:30Z,203,7269,5696,1,,,,0,2,0,0,0.95,0,27,15,0,0.409938
553,17,340,3059,8.02617,对照式,共鸣,2026-03-05T01:00:28Z,51,1201,905,1,,,,1,1,0,0,0.941176,0,10,5,0,0.505882
554,18,167,100000,11.512935,对照式,共鸣,2026-03-18T08:38:20Z,4023,,,1,,,,0,3,0,0,0.944444,0,3,0,0,0.413174
555,13,52,67000,11.112463,对照式,共鸣,2026-04-07T07:57:22Z,2775,,2375,1,,,,0,1,0,0,1.0,0,1,0,0,0.365385
556,17,131,63000,11.050906,对照式,共鸣,2026-03-04T11:12:10Z,606,,1632,1,,,,3,0,0,0,0.882353,0,2,1,0,0.381679
557,17,150,55000,10.915107,对照式,共鸣,2026-04-05T13:06:45Z,1531,,7377,1,,,,0,0,1,0,1.0,0,1,4,0,0.413333
558,20,251,30000,10.308986,对照式,共鸣,2024-09-26T09:01:06Z,991,,7157,1,,,,1,0,0,0,0.95,0,9,3,0,0.446215
559,14,94,27000,10.203629,对照式,共鸣,2026-03-20T08:27:34Z,1295,,2094,1,,,,0,2,0,0,0.928571,0,1,0,0,0.329787
560,11,278,26000,10.16589,对照式,共鸣,2024-11-09T09:21:32Z,390,,3038,1,,,,0,0,0,0,1.0,0,8,6,0,0.503597
561,5,161,21000,9.952325,对照式,共鸣,2025-12-04T10:36:54Z,650,9852,3246,1,,,,1,0,0,0,1.0,0,5,1,0,0.428571
562,22,205,21000,9.952325,对照式,共鸣,2026-03-25T08:24:05Z,282,,5412,1,,,,1,0,0,0,0.954545,0,2,4,0,0.468293
563,13,314,20000,9.903538,对照式,共鸣,2026-02-19T11:15:25Z,976,,,1,,,,0,0,1,0,1.0,0,19,7,0,0.401274
564,11,242,16000,9.680406,对照式,共鸣,2026-03-07T13:53:36Z,1090,,2242,1,,,,1,0,0,0,1.0,0,7,0,0,0.454545
565,20,151,15000,9.615872,对照式,共鸣,2026-04-08T10:10:11Z,121,,2521,1,,,,0,1,0,0,0.9,0,2,0,0,0.350993
566,16,185,14000,9.546884,对照式,共鸣,2025-12-26T09:00:56Z,648,2118,1414,1,,,,0,0,0,0,0.9375,0,4,0,1,0.410811
567,22,790,13000,9.472782,对照式,共鸣,2026-01-07T08:14:40Z,85,7874,1356,1,,,,1,0,0,0,0.863636,0,25,6,0,0.372152
568,18,157,12000,9.392745,对照式,共鸣,2026-04-03T09:26:57Z,255,,3174,1,,,,0,3,0,0,0.944444,0,1,0,0,0.420382
569,16,167,12000,9.392745,对照式,共鸣,2026-03-12T08:07:50Z,343,6586,1023,1,,,,0,0,1,0,0.9375,0,7,4,0,0.42515
570,16,138,11000,9.305741,对照式,共鸣,2026-03-24T15:35:14Z,146,8788,2201,1,,,,0,3,0,0,0.8125,0,1,0,0,0.347826
571,24,188,11000,9.305741,对照式,共鸣,2026-03-28T14:23:05Z,219,850,97,1,,,,0,1,1,0,0.916667,0,5,0,0,0.446809
572,10,80,9842,9.194516,对照式,共鸣,2026-03-19T13:27:40Z,447,3357,1134,1,,,,0,0,0,0,0.9,0,1,0,0,0.5375
573,18,140,100000,11.512935,对照式,共鸣,2025-05-13T08:08:27Z,2626,,,1,,,,1,2,0,0,0.777778,0,1,0,0,0.328571
574,4,62,100000,11.512935,对照式,共鸣,2025-12-17T05:54:27Z,1772,,,1,,,,0,0,0,0,1.0,0,1,0,0,0.419355
575,19,204,100000,11.512935,对照式,共鸣,2025-09-01T10:39:09Z,485,,9391,1,,,,2,0,1,0,1.0,0,11,10,0,0.382353
576,20,152,100000,11.512935,对照式,共鸣,2025-03-11T05:01:38Z,265,,,1,,,,0,1,0,0,1.0,0,2,0,1,0.401316
577,21,904,100000,11.512935,对照式,共鸣,2021-11-02T08:26:00Z,368,,7020,1,,,,1,0,0,0,0.952381,0,37,35,1,0.341814
578,15,80,84000,11.338584,对照式,共鸣,2025-04-02T08:12:43Z,503,,,1,,,,0,4,0,0,0.8,0,1,0,0,0.45
579,20,105,50000,10.819798,对照式,共鸣,2025-04-18T04:27:30Z,242,,8284,1,,,,1,1,0,0,1.0,0,1,0,0,0.371429
580,19,122,50000,10.819798,对照式,共鸣,2024-07-11T04:10:25Z,227,,6954,1,,,,0,2,1,0,0.947368,0,1,0,0,0.327869
581,19,111,46000,10.736418,对照式,共鸣,2024-10-14T09:35:03Z,107,,5524,1,,,,0,0,0,0,0.894737,0,1,0,0,0.342342
582,21,218,46000,10.736418,对照式,共鸣,2025-07-21T10:22:45Z,649,,8597,1,,,,0,2,0,0,0.666667,0,4,5,0,0.444954
583,24,406,45000,10.71444,对照式,共鸣,2026-01-04T14:27:09Z,184,,8633,1,,,,3,0,1,0,1.0,0,28,3,0,0.394089
584,51,51,43000,10.668979,对照式,共鸣,2026-02-26T08:11:42Z,549,,3117,1,,,,0,6,0,0,0.54902,6,1,0,0,0.54902
585,21,238,41000,10.621352,对照式,共鸣,2025-02-26T08:14:02Z,155,,4042,1,,,,2,0,1,0,1.0,0,14,12,0,0.441176
586,255,788,40000,10.59666,对照式,共鸣,2026-02-27T02:37:11Z,168,,4513,1,,,,0,25,1,0,0.576471,0,35,0,1,0.364213
587,22,122,34000,10.434145,对照式,共鸣,2022-07-13T13:47:07Z,134,,1608,1,,,,0,4,1,0,0.909091,0,9,2,0,0.57377
588,57,57,33000,10.404293,对照式,共鸣,2026-01-23T13:14:16Z,246,,8275,1,,,,1,8,0,0,0.596491,6,1,1,0,0.596491
589,21,155,100000,11.512935,对照式,共鸣,2023-08-14T08:14:04Z,1637,,,1,,,,2,0,0,0,0.809524,0,10,4,0,0.464516
590,21,92,66000,11.097425,对照式,共鸣,2025-05-15T08:23:53Z,801,,,1,,,,1,0,0,0,0.952381,0,1,0,0,0.336957
591,21,431,46000,10.736418,对照式,共鸣,2024-04-24T12:33:43Z,1014,,,1,,,,3,0,1,0,0.904762,0,8,5,0,0.436195
592,13,388,43000,10.668979,对照式,共鸣,2024-09-30T14:15:15Z,333,,6846,1,,,,0,3,0,0,0.769231,0,9,6,0,0.414948
593,17,198,36000,10.491302,对照式,共鸣,2025-09-22T09:05:27Z,412,,,1,,,,0,3,0,0,0.882353,0,3,0,0,0.373737
594,16,16,28000,10.239996,对照式,共鸣,2026-02-27T10:06:25Z,227,,4083,1,,,,0,2,0,0,0.9375,0,1,0,0,0.9375
595,20,176,20000,9.903538,对照式,共鸣,2025-07-07T08:02:28Z,131,,4994,1,,,,1,1,0,0,1.0,0,2,0,0,0.465909
596,82,82,19000,9.852247,对照式,共鸣,2025-05-18T03:02:34Z,211,,4864,1,,,,0,9,0,0,0.646341,4,1,0,0,0.646341
597,20,37,13000,9.472782,对照式,共鸣,2026-03-29T10:01:30Z,569,1076,2153,1,,,,0,1,0,0,0.95,0,1,0,0,0.594595
598,19,43,12000,9.392745,对照式,共鸣,2025-05-18T04:02:07Z,607,1212,1577,1,,,,0,3,0,1,0.894737,0,1,0,0,0.534884
599,64,64,100000,11.512935,对照式,共鸣,2026-02-04T11:27:08Z,9830,,,1,,,,0,10,0,0,0.484375,10,1,0,0,0.484375
600,22,123,96000,11.472114,对照式,共鸣,2026-04-02T03:13:01Z,1714,9561,1531,1,,,,1,0,1,0,0.954545,0,1,0,0,0.268293
601,20,98,71000,11.170449,对照式,共鸣,2026-03-08T12:00:16Z,837,6681,5519,1,,,,1,1,0,0,0.9,0,1,1,0,0.438776
602,20,83,69000,11.141876,对照式,共鸣,2026-03-28T12:45:59Z,1413,3731,943,1,,,,0,1,1,0,1.0,0,1,0,0,0.409639
603,20,146,51000,10.839601,对照式,共鸣,2025-09-07T08:30:59Z,311,,7412,1,,,,3,0,1,0,0.95,0,2,0,0,0.40411
604,20,365,43000,10.668979,对照式,共鸣,2024-11-29T10:05:02Z,489,,,1,,,,0,1,0,0,0.9,0,16,0,0,0.345205
605,8,89,35000,10.463132,对照式,共鸣,2024-08-16T04:31:11Z,91,,2843,1,,,,0,1,0,0,1.0,0,1,0,0,0.348315
606,21,99,29000,10.275086,对照式,共鸣,2025-12-26T09:45:08Z,479,2135,623,1,,,,0,1,1,0,0.904762,0,1,0,0,0.323232
607,7,43,21000,9.952325,对照式,共鸣,2024-04-27T15:03:45Z,1076,5157,3252,1,,,,0,1,0,0,1.0,0,4,0,0,0.860465
608,14,100,20000,9.903538,对照式,共鸣,2024-06-14T04:35:48Z,3983,4424,1696,1,,,,1,0,0,0,1.0,0,6,1,0,0.68
609,20,40,19000,9.852247,对照式,共鸣,2026-01-03T10:46:20Z,390,895,1684,1,,,,0,0,0,0,0.85,0,1,0,0,0.65
610,13,120,19000,9.852247,对照式,共鸣,2025-03-30T10:46:06Z,247,2415,974,1,,,,2,0,0,0,0.923077,0,1,0,0,0.358333
611,20,152,15000,9.615872,对照式,共鸣,2024-06-06T10:15:59Z,214,2453,379,1,,,,1,0,0,0,0.95,0,1,0,0,0.388158
612,18,55,15000,9.615872,对照式,共鸣,2024-08-13T08:10:48Z,702,1088,862,1,,,,0,2,1,0,0.833333,0,1,0,0,0.454545
613,7,170,14000,9.546884,对照式,共鸣,2025-04-24T12:02:34Z,255,5082,1676,1,,,,1,0,0,0,1.0,0,5,1,0,0.394118
614,14,465,14000,9.546884,对照式,共鸣,2026-01-19T07:33:41Z,149,8209,2073,1,,,,0,1,1,0,1.0,0,10,2,0,0.458065
615,4,275,13000,9.472782,对照式,共鸣,2024-08-13T12:08:10Z,383,5734,2664,1,,,,0,0,0,0,1.0,0,5,3,0,0.407273
616,19,654,12000,9.392745,对照式,共鸣,2023-09-14T07:19:08Z,255,,6168,1,,,,0,1,1,0,1.0,0,7,5,0,0.356269
617,62,62,12000,9.392745,对照式,共鸣,2026-03-16T13:06:47Z,491,934,527,1,,,,0,8,1,0,0.483871,8,1,0,0,0.483871
618,19,191,2007,7.604894,对照式,共鸣,2024-10-11T01:39:49Z,16,1566,255,1,,,,0,0,0,0,1.0,0,11,0,0,0.47644
619,21,105,1146,7.044905,对照式,共鸣,2026-04-10T09:46:03Z,26,1779,224,1,,,,0,0,0,0,1.0,0,1,0,0,0.32381
620,11,204,1132,7.032624,对照式,共鸣,2025-08-18T08:51:35Z,10,840,221,1,,,,0,2,0,0,1.0,0,5,7,0,0.568627
621,16,15,1128,7.029088,对照式,共鸣,2019-11-26T14:18:15Z,19,1013,49,1,,,,1,0,0,0,0.9375,0,2,1,0,1.0
622,22,45,3711,8.219326,对照式,共鸣,2023-10-10T14:23:21Z,218,2574,2075,1,,,,1,1,1,0,0.909091,0,1,0,0,0.4
623,26,223,9329,9.14099,对照式,共鸣,2026-03-27T08:21:42Z,412,971,1792,1,,,,0,0,1,0,0.884615,0,3,1,0,0.493274
624,20,69,100000,11.512935,对照式,共鸣,2025-02-18T08:27:12Z,561,,,1,,,,0,1,1,0,0.9,0,1,0,0,0.449275
625,60,60,60000,11.002117,对照式,共鸣,2026-01-19T13:15:42Z,538,,,1,,,,1,9,0,0,0.566667,6,1,1,0,0.566667
626,21,330,29000,10.275086,对照式,共鸣,2024-09-09T09:20:07Z,73,,7313,1,,,,0,1,0,0,0.857143,0,14,14,0,0.445455
627,12,320,29000,10.275086,对照式,共鸣,2024-06-28T04:12:00Z,144,,3481,1,,,,0,0,0,0,1.0,0,3,0,0,0.284375
628,15,44,29000,10.275086,对照式,共鸣,2024-05-25T02:18:52Z,214,,2991,1,,,,2,1,1,0,0.866667,0,3,2,0,0.818182
629,19,171,25000,10.126671,对照式,共鸣,2025-08-18T13:01:04Z,222,,6249,1,,,,1,2,0,0,0.947368,0,1,0,0,0.28655
630,19,210,37000,10.5187,对照式,共鸣,2025-11-23T09:41:57Z,394,,,1,,,,0,3,0,0,0.947368,0,3,0,0,0.395238
631,20,143,16000,9.680406,对照式,共鸣,2025-08-03T02:53:19Z,282,,3574,1,,,,2,2,0,0,0.95,0,2,0,0,0.342657
632,16,82,20000,9.903538,对照式,共鸣,2025-02-11T10:21:42Z,69,,3542,1,,,,1,0,0,0,1.0,0,1,0,0,0.390244
633,14,935,1371,7.224025,对照式,共鸣,2021-12-09T13:24:54Z,11,764,148,1,,,,0,0,0,0,1.0,0,33,11,0,0.382888
634,13,67,3839,8.253228,对照式,共鸣,2025-03-06T07:52:08Z,43,3926,1755,1,,,,0,3,0,0,0.846154,0,1,1,0,0.701493
635,20,680,3839,8.253228,对照式,共鸣,2025-08-16T07:19:49Z,137,3465,798,1,,,,0,2,0,0,1.0,0,16,0,0,0.361765
636,15,250,3875,8.262559,对照式,共鸣,2024-07-18T10:24:07Z,1922,1893,305,1,,,,0,3,0,0,0.866667,0,2,0,0,0.472
637,15,147,3671,8.208492,对照式,共鸣,2022-08-11T09:01:04Z,149,2791,113,1,,,,1,0,0,0,1.0,0,6,2,0,0.598639
638,19,147,2303,7.742402,对照式,共鸣,2022-03-13T09:11:28Z,84,1305,85,1,,,,0,3,0,0,0.894737,0,6,1,0,0.571429
639,22,324,2233,7.711549,对照式,共鸣,2025-11-21T13:26:02Z,157,1445,1981,1,,,,0,2,1,0,0.909091,0,7,2,0,0.509259
640,19,65,2148,7.672758,对照式,共鸣,2024-07-14T15:07:57Z,79,1664,1421,1,,,,0,5,0,0,0.894737,0,3,1,0,0.630769
641,5,94,9189,9.125871,对照式,共鸣,2026-03-21T11:26:33Z,103,920,783,1,,,,0,1,0,0,0.6,0,1,0,0,0.5
642,20,126,42000,10.645449,对照式,共鸣,2024-07-23T10:02:53Z,119,,4252,1,,,,0,0,0,0,0.9,0,1,0,0,0.301587
643,10,91,53000,10.878066,对照式,共鸣,2026-04-11T10:19:58Z,1635,8363,1302,1,,,,0,0,1,0,1.0,0,3,0,0,0.56044
644,16,570,9581,9.167642,对照式,共鸣,2025-04-20T07:45:06Z,368,9458,3029,1,,,,1,0,1,0,0.9375,0,9,3,0,0.380702
645,13,174,14000,9.546884,对照式,共鸣,2024-06-10T10:17:10Z,59,8231,1472,1,,,,0,0,0,0,0.923077,0,5,1,0,0.413793
646,15,59,13000,9.472782,对照式,共鸣,2025-10-01T05:18:59Z,584,1773,380,1,,,,0,0,1,0,1.0,0,1,0,0,0.40678
647,16,124,8346,9.029657,对照式,共鸣,2023-04-13T08:39:25Z,52,354,183,1,,,,0,0,0,0,1.0,0,1,0,0,0.306452
648,17,109,100000,11.512935,对照式,共鸣,2026-01-27T11:02:51Z,4740,,,1,,,,0,0,0,0,1.0,0,2,0,0,0.40367
649,12,103,95000,11.461643,对照式,共鸣,2025-11-22T01:19:00Z,2004,3492,4936,1,,,,1,0,0,0,1.0,0,1,0,0,0.456311
650,18,112,39000,10.571343,对照式,共鸣,2025-12-31T09:04:52Z,122,5151,646,1,,,,0,2,0,0,0.888889,0,1,0,0,0.232143
651,19,92,24000,10.085851,对照式,共鸣,2026-02-03T09:52:17Z,267,2110,1598,1,,,,0,3,0,0,0.842105,0,2,0,0,0.51087
652,171,171,9451,9.153982,对照式,共鸣,2025-04-08T11:31:23Z,183,2501,436,1,,,,1,14,0,0,0.362573,2,3,1,0,0.362573
653,17,110,8776,9.07989,对照式,共鸣,2026-01-28T10:44:06Z,122,1068,664,1,,,,0,0,0,0,1.0,0,2,0,0,0.409091
654,4,61,8104,9.000236,对照式,共鸣,2024-12-21T10:30:25Z,64,3527,396,1,,,,0,0,0,0,1.0,0,1,0,0,0.262295
655,11,90,7400,8.90937,对照式,共鸣,2025-09-30T13:18:55Z,56,2859,306,1,,,,0,1,0,0,0.909091,0,1,0,0,0.288889
656,18,1185,5198,8.556222,对照式,共鸣,2025-04-15T23:31:55Z,118,2744,272,1,,,,2,1,0,0,1.0,0,30,0,0,0.285232
657,21,147,3654,8.203851,对照式,共鸣,2026-04-03T08:39:51Z,108,340,214,1,,,,0,1,0,0,0.952381,0,3,1,0,0.489796
658,19,114,3631,8.197539,对照式,共鸣,2025-10-07T03:07:28Z,381,3243,499,1,,,,0,3,0,0,0.842105,0,1,0,0,0.210526
659,23,130,69000,11.141876,对照式,共鸣,2025-12-08T04:42:15Z,549,,,1,,,,3,1,1,0,0.913043,0,2,0,0,0.384615
660,20,439,67000,11.112463,对照式,共鸣,2026-03-18T10:02:31Z,394,,,1,,,,0,1,1,0,0.95,0,15,0,1,0.387244
661,19,46,30000,10.308986,对照式,共鸣,2024-10-25T11:58:50Z,218,,4983,1,,,,1,2,0,0,0.947368,0,1,0,0,0.413043
662,18,128,29000,10.275086,对照式,共鸣,2025-04-09T11:25:18Z,51,,3510,1,,,,2,1,0,0,1.0,0,3,2,0,0.445312
663,20,161,27000,10.203629,对照式,共鸣,2025-05-29T07:27:09Z,229,,4178,1,,,,2,0,0,0,0.9,0,6,0,0,0.42236
664,10,260,22000,9.998843,对照式,共鸣,2025-12-24T15:34:53Z,80,,2348,1,,,,0,2,0,0,0.9,0,11,9,0,0.357692
665,12,190,21000,9.952325,对照式,共鸣,2025-05-19T11:01:47Z,224,,1577,1,,,,0,1,0,0,1.0,0,3,0,1,0.384211
666,19,110,15000,9.615872,对照式,共鸣,2025-09-17T13:11:22Z,135,1484,885,1,,,,0,1,0,0,1.0,0,1,0,0,0.4
667,14,122,15000,9.615872,对照式,共鸣,2025-08-16T11:14:57Z,57,,1078,1,,,,0,1,0,0,1.0,0,1,2,0,0.42623
668,19,56,15000,9.615872,对照式,共鸣,2024-07-09T09:11:42Z,118,9471,2391,1,,,,1,0,0,0,1.0,0,1,0,0,0.428571
669,17,102,14000,9.546884,对照式,共鸣,2025-11-10T02:30:04Z,130,9404,2577,1,,,,1,2,0,0,0.882353,0,1,0,0,0.303922
670,18,170,14000,9.546884,对照式,共鸣,2024-11-09T08:10:53Z,150,7772,1688,1,,,,0,0,0,0,0.833333,0,4,1,0,0.458824
671,14,165,14000,9.546884,对照式,共鸣,2025-02-25T14:17:12Z,70,,4540,1,,,,0,2,0,0,0.928571,0,3,0,0,0.424242
672,13,234,13000,9.472782,对照式,共鸣,2025-10-10T09:24:59Z,241,8390,1539,1,,,,1,0,0,0,1.0,0,8,1,0,0.41453
673,16,213,13000,9.472782,对照式,共鸣,2026-02-06T13:30:10Z,205,,6456,1,,,,0,0,0,0,1.0,0,3,1,0,0.455399
674,7,257,12000,9.392745,对照式,共鸣,2024-11-10T12:06:08Z,61,6705,1550,1,,,,0,0,0,0,1.0,0,10,7,0,0.420233
675,21,189,12000,9.392745,对照式,共鸣,2024-12-23T09:00:24Z,90,8560,1722,1,,,,0,1,1,0,0.952381,0,8,2,0,0.449735
676,19,658,12000,9.392745,对照式,共鸣,2025-05-13T12:03:02Z,57,9625,994,1,,,,1,1,1,0,1.0,0,6,5,1,0.424012
677,21,601,100000,11.512935,对照式,共鸣,2022-07-07T08:28:28Z,1992,,,1,,,,1,1,1,0,1.0,0,15,1,1,0.397671
678,6,32,100000,11.512935,对照式,共鸣,2026-02-28T03:53:05Z,1564,,3773,1,,,,0,0,0,0,1.0,0,1,0,0,0.53125
679,22,216,100000,11.512935,对照式,共鸣,2024-04-11T09:47:48Z,432,,,1,,,,0,0,1,0,1.0,0,5,1,0,0.351852
680,8,83,83000,11.326608,对照式,共鸣,2025-12-09T02:59:07Z,7831,3147,,1,,,,0,1,0,0,1.0,0,1,0,0,0.46988
681,7,176,71000,11.170449,对照式,共鸣,2025-11-30T11:19:17Z,3364,7458,4232,1,,,,0,1,0,0,1.0,0,10,0,0,0.505682
682,12,232,48000,10.778977,对照式,共鸣,2025-12-31T11:34:29Z,1439,,,1,,,,1,0,1,0,1.0,0,3,1,0,0.456897
683,7,184,12000,9.392745,对照式,共鸣,2025-04-26T03:11:54Z,184,2475,276,1,,,,0,1,0,0,1.0,0,1,0,0,0.315217
684,9,111,6364,8.75857,对照式,共鸣,2026-04-07T10:09:07Z,201,1022,348,1,,,,0,1,0,0,1.0,0,1,0,0,0.333333
685,13,270,6179,8.729074,对照式,共鸣,2023-09-19T01:09:26Z,315,929,148,1,,,,0,0,0,0,0.923077,0,4,0,0,0.451852
686,8,33,5574,8.626048,对照式,共鸣,2026-03-28T09:59:20Z,418,798,2098,1,,,,0,0,0,0,1.0,0,1,0,0,0.515152
687,14,294,5193,8.555259,对照式,共鸣,2024-03-03T08:21:06Z,197,3434,492,1,,,,0,0,0,0,0.928571,0,9,21,0,0.442177
688,14,419,4129,8.326033,对照式,共鸣,2025-12-23T08:07:06Z,135,1944,706,1,,,,0,1,0,0,0.857143,0,39,2,0,0.393795
689,17,119,3620,8.194506,对照式,共鸣,2023-08-16T10:12:17Z,87,413,19,1,,,,0,1,0,0,0.882353,0,1,0,0,0.310924
690,17,345,3312,8.105609,对照式,共鸣,2021-12-06T09:11:25Z,56,2445,2341,1,,,,0,0,1,0,0.882353,0,7,6,0,0.510145
691,15,160,3219,8.077137,对照式,共鸣,2024-11-06T02:16:22Z,95,2218,1182,1,,,,1,1,0,0,1.0,0,6,0,0,0.5375
692,9,927,2819,7.944492,对照式,共鸣,2021-12-10T11:00:20Z,232,1936,1781,1,,,,0,0,0,0,1.0,0,26,19,0,0.330097
693,10,990,2559,7.847763,对照式,共鸣,2022-06-10T04:20:30Z,87,2234,371,1,,,,0,0,0,0,1.0,0,11,9,0,0.306061
694,23,382,2446,7.802618,对照式,共鸣,2022-02-14T15:15:53Z,171,1678,1327,1,,,,1,0,1,0,0.956522,0,18,16,1,0.513089
695,22,754,2400,7.783641,对照式,共鸣,2022-01-03T11:53:42Z,166,2335,742,1,,,,1,3,0,0,0.727273,0,19,8,1,0.343501
696,8,344,2138,7.668094,对照式,共鸣,2025-09-07T08:03:13Z,62,1263,277,1,,,,0,0,0,0,1.0,0,12,0,0,0.389535
697,6,10,1964,7.583248,对照式,共鸣,2024-02-23T01:13:29Z,272,534,17,1,,,,0,1,0,1,1.0,0,1,0,0,0.9
698,15,120,1962,7.582229,对照式,共鸣,2024-10-03T06:11:20Z,124,1525,1417,1,,,,0,7,0,0,0.6,0,2,0,0,0.5
699,10,882,1894,7.546974,对照式,共鸣,2024-10-16T09:18:48Z,61,1486,962,1,,,,0,0,0,0,1.0,0,20,0,0,0.328798
700,21,288,1835,7.515345,对照式,共鸣,2025-10-14T12:00:42Z,68,519,40,1,,,,0,0,1,0,1.0,0,6,0,0,0.40625
701,24,96,1577,7.363914,对照式,共鸣,2026-04-15T04:53:00Z,54,1779,290,1,,,,0,1,0,0,0.916667,0,1,0,0,0.322917
702,14,275,1187,7.080026,对照式,共鸣,2025-09-01T10:18:11Z,233,529,150,1,,,,0,1,0,1,1.0,0,12,1,0,0.403636
703,19,248,588,6.378426,对照式,共鸣,2025-10-19T07:46:23Z,78,505,805,0,,,,1,6,0,0,0.789474,0,6,0,0,0.443548
704,15,232,582,6.368187,对照式,共鸣,2026-02-15T08:54:39Z,462,78,61,0,,,,0,0,0,0,1.0,0,3,0,0,0.581897
705,19,1231,577,6.359574,对照式,共鸣,2024-10-29T13:24:14Z,81,686,239,0,,,,0,0,1,0,1.0,0,20,0,0,0.239643
706,34,34,90000,11.407576,对照式,共鸣,2025-06-08T08:54:13Z,2203,,2475,1,,,,0,3,0,0,0.852941,0,1,0,0,0.852941
707,18,203,70000,11.156265,对照式,共鸣,2025-06-05T08:46:47Z,913,,,1,,,,0,3,0,0,0.944444,0,3,0,0,0.403941
708,10,93,63000,11.050906,对照式,共鸣,2025-02-18T08:30:15Z,1547,,7125,1,,,,0,0,0,0,1.0,0,1,0,0,0.44086
709,18,76,59000,10.98531,对照式,共鸣,2025-01-11T10:25:39Z,,7601,,1,,,,0,3,0,0,0.944444,0,2,0,0,0.434211
710,14,57,57000,10.950824,对照式,共鸣,2025-12-08T08:00:23Z,2841,,4561,1,,,,0,1,0,0,1.0,0,1,0,0,0.403509
711,19,103,39000,10.571343,对照式,共鸣,2024-01-23T16:00:25Z,956,,8148,1,,,,0,1,0,0,1.0,0,2,0,0,0.475728
712,18,174,39000,10.571343,对照式,共鸣,2025-11-02T12:00:58Z,894,,,1,,,,1,1,1,0,0.833333,0,3,0,0,0.41954
713,20,999,37000,10.5187,对照式,共鸣,2023-01-20T09:33:46Z,860,,,1,,,,0,4,0,0,0.85,0,78,25,0,0.389389
714,20,84,30000,10.308986,对照式,共鸣,2024-02-02T02:01:17Z,729,,,1,,,,0,1,0,0,0.85,0,1,0,0,0.333333
715,17,202,29000,10.275086,对照式,共鸣,2025-06-29T10:16:48Z,441,,4024,1,,,,0,4,0,0,0.823529,0,3,1,0,0.40099
716,21,395,26000,10.16589,对照式,共鸣,2025-02-25T09:02:16Z,262,,4699,1,,,,0,2,0,0,0.952381,0,9,6,0,0.394937
717,18,43,25000,10.126671,对照式,共鸣,2026-03-24T07:59:40Z,1408,2282,1573,1,,,,0,3,0,1,0.888889,0,1,0,0,0.465116
718,23,472,18000,9.798183,对照式,共鸣,2025-09-25T07:36:27Z,215,,1174,1,,,,0,2,0,0,0.913043,0,16,1,0,0.430085
719,7,47,18000,9.798183,对照式,共鸣,2024-07-23T00:01:09Z,39,,3876,1,,,,0,0,0,0,1.0,0,1,0,0,0.851064
720,10,250,14000,9.546884,对照式,共鸣,2025-10-09T04:15:22Z,477,9020,3048,1,,,,1,0,0,0,1.0,0,6,7,0,0.464
721,19,237,12000,9.392745,对照式,共鸣,2024-05-26T10:06:37Z,424,9920,,1,,,,2,3,0,0,0.894737,0,4,0,0,0.540084
722,16,116,3102,8.040125,对照式,共鸣,2025-07-17T09:58:34Z,34,2077,2017,1,,,,1,2,0,0,0.9375,0,2,0,0,0.37931
723,11,0,513,6.242223,other,neutral,01-13,86,388,83,0,,,,0,0,1,0,0.909091,0,0,0,0,0.0
724,11,0,615,6.423247,other,neutral,2025-12-30,44,256,43,0,,,,0,1,0,0,1.0,0,0,0,0,0.0
725,21,0,3005,8.008366,tutorial,neutral,2025-10-02,471,2241,1341,1,,,,0,2,1,0,0.952381,0,0,0,0,0.0
726,17,0,658,6.490724,other,neutral,02-11,94,427,77,0,,,,0,2,1,0,0.941176,0,0,0,0,0.0
727,22,0,1061,6.967909,tutorial,neutral,2025-11-12,205,692,62,1,,,,1,0,1,0,0.909091,0,0,0,0,0.0
728,14,0,9844,9.194719,other,neutral,2024-09-12,1930,712,2174,1,,,,0,2,1,0,1.0,0,0,0,0,0.0
729,21,0,12722,9.451167,other,neutral,2025-12-19,121,1876,784,1,,,,1,0,1,0,0.952381,0,0,0,0,0.0
730,11,0,4751,8.466321,other,neutral,2024-12-18,51,5385,660,1,,,,1,0,0,0,0.909091,0,0,0,0,0.0
731,19,0,569,6.345636,other,neutral,02-21,69,342,25,0,,,,0,0,1,0,0.842105,0,0,0,0,0.0
732,17,0,67,4.219508,tutorial,neutral,2024-08-19,11,17,10,0,,,,2,0,0,0,1.0,0,0,0,0,0.0
733,7,0,4235,8.351375,other,neutral,02-09,238,2933,709,1,,,,2,0,1,0,0.857143,0,0,0,0,0.0
734,8,0,3991,8.292048,other,neutral,2025-05-27,87,851,102,1,,,,0,0,0,0,1.0,0,0,0,0,0.0
735,10,0,2569,7.851661,other,neutral,2025-05-09,50,2021,192,1,,,,0,1,0,0,1.0,0,0,0,0,0.0
736,4,0,3807,8.244859,other,neutral,2025-02-08,92,296,124,1,,,,0,0,0,0,1.0,0,0,0,0,0.0
737,11,0,8171,9.008469,other,neutral,2025-07-19,142,11305,3167,1,,,,1,0,0,0,1.0,0,0,0,0,0.0
738,20,0,3035,8.018296,other,neutral,2025-07-02,33,3039,266,1,,,,1,2,0,0,0.9,0,0,0,0,0.0
739,21,0,267,5.590987,other,neutral,2025-11-10,22,275,466,0,,,,0,1,1,0,0.952381,0,0,0,0,0.0
740,15,0,1411,7.252762,other,neutral,2025-07-09,91,281,67,1,,,,0,0,1,0,1.0,0,0,0,0,0.0
